#
# There is insufficient memory for the Java Runtime Environment to continue.
# Native memory allocation (mmap) failed to map 389021696 bytes. Error detail: G1 virtual space
# Possible reasons:
#   The system is out of physical RAM or swap space
#   This process is running with CompressedOops enabled, and the Java Heap may be blocking the growth of the native heap
# Possible solutions:
#   Reduce memory load on the system
#   Increase physical memory or swap space
#   Check if swap backing store is full
#   Decrease Java heap size (-Xmx/-Xms)
#   Decrease number of Java threads
#   Decrease Java thread stack sizes (-Xss)
#   Set larger code cache with -XX:ReservedCodeCacheSize=
#   JVM is running with Unscaled Compressed Oops mode in which the Java heap is
#     placed in the first 4GB address space. The Java Heap base address is the
#     maximum limit for the native heap growth. Please use -XX:HeapBaseMinAddress
#     to set the Java Heap base and to place the Java Heap above 4GB virtual address.
# This output file may be truncated or incomplete.
#
#  Out of Memory Error (os_windows.cpp:3716), pid=20368, tid=24012
#
# JRE version: OpenJDK Runtime Environment Microsoft-12574459 (21.0.9+10) (build 21.0.9+10-LTS)
# Java VM: OpenJDK 64-Bit Server VM Microsoft-12574459 (21.0.9+10-LTS, mixed mode, sharing, tiered, compressed oops, compressed class ptrs, g1 gc, windows-amd64)
# No core dump will be written. Minidumps are not enabled by default on client versions of Windows
#

---------------  S U M M A R Y ------------

Command Line: --add-opens=java.base/java.lang=ALL-UNNAMED --add-opens=java.base/java.lang.invoke=ALL-UNNAMED --add-opens=java.base/java.util=ALL-UNNAMED --add-opens=java.prefs/java.util.prefs=ALL-UNNAMED --add-exports=jdk.compiler/com.sun.tools.javac.api=ALL-UNNAMED --add-exports=jdk.compiler/com.sun.tools.javac.util=ALL-UNNAMED --add-opens=java.base/java.util=ALL-UNNAMED --add-opens=java.prefs/java.util.prefs=ALL-UNNAMED --add-opens=java.base/java.nio.charset=ALL-UNNAMED --add-opens=java.base/java.net=ALL-UNNAMED --add-opens=java.base/java.util.concurrent=ALL-UNNAMED --add-opens=java.base/java.util.concurrent.atomic=ALL-UNNAMED --add-opens=java.xml/javax.xml.namespace=ALL-UNNAMED --add-opens=java.base/java.time=ALL-UNNAMED -Xmx2048m -Dfile.encoding=UTF-8 -Duser.country=US -Duser.language=en -Duser.variant -javaagent:C:\Users\ASUS\.gradle\wrapper\dists\gradle-9.3.1-bin\23ovyewtku6u96viwx3xl3oks\gradle-9.3.1\lib\agents\gradle-instrumentation-agent-9.3.1.jar org.gradle.launcher.daemon.bootstrap.GradleDaemon 9.3.1

Host: AMD Ryzen 5 7535HS with Radeon Graphics        , 12 cores, 7G,  Windows 11 , 64 bit Build 26100 (10.0.26100.8521)
Time: Sun May 31 19:49:53 2026 Malay Peninsula Standard Time elapsed time: 184.065601 seconds (0d 0h 3m 4s)

---------------  T H R E A D  ---------------

Current thread (0x0000025859183980):  VMThread "VM Thread"          [id=24012, stack(0x000000ca70600000,0x000000ca70700000) (1024K)]

Stack: [0x000000ca70600000,0x000000ca70700000]
Native frames: (J=compiled Java code, j=interpreted, Vv=VM code, C=native code)
V  [jvm.dll+0x6df259]  (no source info available)
V  [jvm.dll+0x8bfe4b]  (no source info available)
V  [jvm.dll+0x8c23da]  (no source info available)
V  [jvm.dll+0x8c2ab3]  (no source info available)
V  [jvm.dll+0x28a416]  (no source info available)
V  [jvm.dll+0x6de705]  (no source info available)
V  [jvm.dll+0x6d264a]  (no source info available)
V  [jvm.dll+0x36742e]  (no source info available)
V  [jvm.dll+0x36f2fb]  (no source info available)
V  [jvm.dll+0x3c0c99]  (no source info available)
V  [jvm.dll+0x3c0f3b]  (no source info available)
V  [jvm.dll+0x33ace7]  (no source info available)
V  [jvm.dll+0x33ad77]  (no source info available)
V  [jvm.dll+0x37fb6c]  (no source info available)
V  [jvm.dll+0x37e34e]  (no source info available)
V  [jvm.dll+0x33a441]  (no source info available)
V  [jvm.dll+0x37d9ba]  (no source info available)
V  [jvm.dll+0x8c881f]  (no source info available)
V  [jvm.dll+0x8c9d2c]  (no source info available)
V  [jvm.dll+0x8ca2a4]  (no source info available)
V  [jvm.dll+0x8ca3a3]  (no source info available)
V  [jvm.dll+0x869f7d]  (no source info available)
V  [jvm.dll+0x6e080d]  (no source info available)
C  [ucrtbase.dll+0x2cd30]  (no source info available)
C  [KERNEL32.DLL+0x2e957]  (no source info available)
C  [ntdll.dll+0x87c1c]  (no source info available)

VM_Operation (0x000000ca7b6f8ef0): G1CollectForAllocation, mode: safepoint, requested by thread 0x00000258aa2166f0


---------------  P R O C E S S  ---------------

Threads class SMR info:
_java_thread_list=0x00000258ac47ddd0, length=193, elements={
0x0000025839d39820, 0x00000258591a0830, 0x00000258591a7550, 0x00000258591a8e20,
0x00000258591a99a0, 0x00000258591aad10, 0x00000258591abb20, 0x00000258591adc10,
0x00000258591da2f0, 0x00000258593e9c70, 0x0000025859493ff0, 0x000002589f5d8f70,
0x00000258594eb0f0, 0x000002589f207ca0, 0x0000025859585090, 0x000002589f72fa70,
0x00000258596e36d0, 0x000002589f53d570, 0x000002589f53dc00, 0x000002589f53f640,
0x000002589f53fcd0, 0x000002589f540360, 0x000002589f53e920, 0x000002589f53efb0,
0x000002589f53e290, 0x00000258a27a54f0, 0x00000258a27a4e60, 0x00000258a27a2070,
0x00000258a27a4140, 0x00000258a27a3ab0, 0x00000258a27a5b80, 0x00000258a27a47d0,
0x00000258a27a2700, 0x00000258a27a2d90, 0x00000258a27a68a0, 0x00000258a27a3420,
0x00000258a27a6f30, 0x00000258a27a75c0, 0x00000258a27a8970, 0x00000258a27a7c50,
0x00000258a27a82e0, 0x00000258a27a9000, 0x00000258a27a9690, 0x00000258a089a2a0,
0x00000258a0899580, 0x00000258a089a930, 0x00000258a089bce0, 0x00000258a089afc0,
0x00000258a089b650, 0x00000258a089c370, 0x00000258a0899c10, 0x00000258a0898ef0,
0x00000258a089ca00, 0x00000258a089f7f0, 0x00000258a089d720, 0x00000258a089ddb0,
0x00000258a089fe80, 0x00000258a089e440, 0x00000258a089d090, 0x00000258a08a0510,
0x00000258a089ead0, 0x00000258a089f160, 0x00000258a2a8e670, 0x00000258a2a8ed00,
0x00000258a2a8bf10, 0x00000258a2a8dfe0, 0x00000258a2a8f390, 0x00000258a2a8fa20,
0x00000258a2a8d2c0, 0x00000258a2a900b0, 0x00000258a2a90740, 0x00000258a2a90dd0,
0x00000258a2a8d950, 0x00000258a2a91460, 0x00000258a2a92180, 0x00000258a2a91af0,
0x00000258a2a92810, 0x00000258a2a92ea0, 0x00000258a27a6210, 0x00000258a3122700,
0x00000258a3e35390, 0x00000258a3123420, 0x00000258a91cd530, 0x00000258a91d0320,
0x00000258a91ccea0, 0x00000258a91cf600, 0x00000258a91ce8e0, 0x00000258a91cdbc0,
0x00000258a91d16d0, 0x00000258a91cfc90, 0x00000258a91d09b0, 0x00000258a91ce250,
0x00000258a91cef70, 0x00000258a91d23f0, 0x00000258a91d1040, 0x00000258a91d44c0,
0x00000258a91d1d60, 0x00000258a91d2a80, 0x00000258a91d3110, 0x00000258a91d37a0,
0x00000258a3e2fe40, 0x00000258a3e30b60, 0x00000258a3e2f7b0, 0x00000258a3e311f0,
0x00000258a3e2dd70, 0x00000258a913c3e0, 0x00000258a9139c80, 0x00000258a913b030,
0x00000258a913bd50, 0x00000258a913ca70, 0x00000258a913a310, 0x00000258a913b6c0,
0x00000258a91395f0, 0x00000258a4657850, 0x00000258a4657ee0, 0x00000258a46571c0,
0x00000258a3e34670, 0x00000258aa218e50, 0x00000258aa2194e0, 0x00000258a9834540,
0x00000258a9833eb0, 0x00000258a9834bd0, 0x00000258a9835260, 0x00000258aa220e60,
0x00000258aa21e700, 0x00000258aa21ed90, 0x00000258aa2214f0, 0x00000258a9234230,
0x00000258a9232e80, 0x00000258a9233ba0, 0x00000258a9233510, 0x00000258a9703c00,
0x00000258a9705cd0, 0x00000258a9704fb0, 0x00000258a9704920, 0x00000258a4654a60,
0x00000258a46550f0, 0x00000258a46564a0, 0x00000258aa21f420, 0x00000258aa21fab0,
0x00000258aa220140, 0x00000258aa2207d0, 0x00000258a4635e10, 0x00000258a46364a0,
0x00000258a46371c0, 0x00000258a4639290, 0x00000258a4636b30, 0x00000258a4637850,
0x00000258aa2187c0, 0x00000258aa216060, 0x00000258aa219b70, 0x00000258a4521780,
0x00000258a45231c0, 0x00000258a4523850, 0x00000258a4523ee0, 0x00000258a4520a60,
0x00000258a4521e10, 0x00000258a45210f0, 0x00000258a45224a0, 0x00000258a4522b30,
0x00000258a9aa6270, 0x00000258a9aa6900, 0x00000258a9db8bc0, 0x00000258a9db7ea0,
0x00000258a9aa5be0, 0x00000258a9aa5550, 0x00000258a9705640, 0x00000258a9704290,
0x00000258aa2166f0, 0x00000258a4638570, 0x00000258a4638c00, 0x00000258a4459d70,
0x00000258a44596e0, 0x00000258a445a400, 0x00000258a445cb60, 0x00000258a445aa90,
0x00000258a9e15460, 0x00000258a94e4760, 0x00000258a3035a30, 0x00000258a94e40d0,
0x00000258a4456a80, 0x00000258a445b120, 0x00000258aa216d80, 0x00000258a478c6d0,
0x00000258a4789f70, 0x00000258aac24e60, 0x00000258a9b260f0, 0x00000258abebbc70,
0x00000258abebaf50, 0x00000258aac23420, 0x00000258aac247d0, 0x00000258591d9550,
0x00000258ac97ff90
}

Java Threads: ( => current thread )
  0x0000025839d39820 JavaThread "main"                              [_thread_blocked, id=20460, stack(0x000000ca6ff00000,0x000000ca70000000) (1024K)]
  0x00000258591a0830 JavaThread "Reference Handler"          daemon [_thread_blocked, id=24588, stack(0x000000ca70700000,0x000000ca70800000) (1024K)]
  0x00000258591a7550 JavaThread "Finalizer"                  daemon [_thread_blocked, id=22360, stack(0x000000ca70800000,0x000000ca70900000) (1024K)]
  0x00000258591a8e20 JavaThread "Signal Dispatcher"          daemon [_thread_blocked, id=25952, stack(0x000000ca70900000,0x000000ca70a00000) (1024K)]
  0x00000258591a99a0 JavaThread "Attach Listener"            daemon [_thread_blocked, id=1768, stack(0x000000ca70a00000,0x000000ca70b00000) (1024K)]
  0x00000258591aad10 JavaThread "Service Thread"             daemon [_thread_blocked, id=4144, stack(0x000000ca70b00000,0x000000ca70c00000) (1024K)]
  0x00000258591abb20 JavaThread "Monitor Deflation Thread"   daemon [_thread_blocked, id=4576, stack(0x000000ca70c00000,0x000000ca70d00000) (1024K)]
  0x00000258591adc10 JavaThread "C2 CompilerThread0"         daemon [_thread_blocked, id=11064, stack(0x000000ca70d00000,0x000000ca70e00000) (1024K)]
  0x00000258591da2f0 JavaThread "C1 CompilerThread0"         daemon [_thread_blocked, id=1272, stack(0x000000ca70e00000,0x000000ca70f00000) (1024K)]
  0x00000258593e9c70 JavaThread "Common-Cleaner"             daemon [_thread_blocked, id=26400, stack(0x000000ca70f00000,0x000000ca71000000) (1024K)]
  0x0000025859493ff0 JavaThread "Notification Thread"        daemon [_thread_blocked, id=22596, stack(0x000000ca71000000,0x000000ca71100000) (1024K)]
  0x000002589f5d8f70 JavaThread "Daemon health stats"               [_thread_blocked, id=24856, stack(0x000000ca71500000,0x000000ca71600000) (1024K)]
  0x00000258594eb0f0 JavaThread "Incoming local TCP Connector on port 53177"        [_thread_in_native, id=2960, stack(0x000000ca71b00000,0x000000ca71c00000) (1024K)]
  0x000002589f207ca0 JavaThread "Daemon periodic checks"            [_thread_blocked, id=25760, stack(0x000000ca71c00000,0x000000ca71d00000) (1024K)]
  0x0000025859585090 JavaThread "Daemon"                            [_thread_blocked, id=6476, stack(0x000000ca71d00000,0x000000ca71e00000) (1024K)]
  0x000002589f72fa70 JavaThread "Handler for socket connection from /127.0.0.1:53177 to /127.0.0.1:53178"        [_thread_in_native, id=26188, stack(0x000000ca71e00000,0x000000ca71f00000) (1024K)]
  0x00000258596e36d0 JavaThread "Cancel handler"                    [_thread_blocked, id=4192, stack(0x000000ca71f00000,0x000000ca72000000) (1024K)]
  0x000002589f53d570 JavaThread "Daemon worker"                     [_thread_blocked, id=6600, stack(0x000000ca72000000,0x000000ca72100000) (1024K)]
  0x000002589f53dc00 JavaThread "Asynchronous log dispatcher for DefaultDaemonConnection: socket connection from /127.0.0.1:53177 to /127.0.0.1:53178"        [_thread_blocked, id=10648, stack(0x000000ca72100000,0x000000ca72200000) (1024K)]
  0x000002589f53f640 JavaThread "Stdin handler"                     [_thread_blocked, id=1988, stack(0x000000ca72200000,0x000000ca72300000) (1024K)]
  0x000002589f53fcd0 JavaThread "Daemon client event forwarder"        [_thread_blocked, id=26520, stack(0x000000ca72300000,0x000000ca72400000) (1024K)]
  0x000002589f540360 JavaThread "Cache worker for journal cache (C:\Users\ASUS\.gradle\caches\journal-1)"        [_thread_blocked, id=19260, stack(0x000000ca72400000,0x000000ca72500000) (1024K)]
  0x000002589f53e920 JavaThread "File lock request listener"        [_thread_in_native, id=6116, stack(0x000000ca72500000,0x000000ca72600000) (1024K)]
  0x000002589f53efb0 JavaThread "Cache worker for file hash cache (C:\Users\ASUS\.gradle\caches\9.3.1\fileHashes)"        [_thread_blocked, id=2856, stack(0x000000ca72700000,0x000000ca72800000) (1024K)]
  0x000002589f53e290 JavaThread "Cache worker for file hash cache (C:\Users\ASUS\AndroidStudioProjects\MODUL_MOBILE\MODUL_5\COMPOSE\.gradle\9.3.1\fileHashes)"        [_thread_blocked, id=21880, stack(0x000000ca72900000,0x000000ca72a00000) (1024K)]
  0x00000258a27a54f0 JavaThread "Cache worker for Build Output Cleanup Cache (C:\Users\ASUS\AndroidStudioProjects\MODUL_MOBILE\MODUL_5\COMPOSE\.gradle\buildOutputCleanup)"        [_thread_blocked, id=25324, stack(0x000000ca72a00000,0x000000ca72b00000) (1024K)]
  0x00000258a27a4e60 JavaThread "File watcher server"        daemon [_thread_blocked, id=9268, stack(0x000000ca72b00000,0x000000ca72c00000) (1024K)]
  0x00000258a27a2070 JavaThread "File watcher consumer"      daemon [_thread_blocked, id=26100, stack(0x000000ca72c00000,0x000000ca72d00000) (1024K)]
  0x00000258a27a4140 JavaThread "Cache worker for checksums cache (C:\Users\ASUS\AndroidStudioProjects\MODUL_MOBILE\MODUL_5\COMPOSE\.gradle\9.3.1\checksums)"        [_thread_blocked, id=20256, stack(0x000000ca72d00000,0x000000ca72e00000) (1024K)]
  0x00000258a27a3ab0 JavaThread "Cache worker for file content cache (C:\Users\ASUS\.gradle\caches\9.3.1\fileContent)"        [_thread_blocked, id=24472, stack(0x000000ca72e00000,0x000000ca72f00000) (1024K)]
  0x00000258a27a5b80 JavaThread "File lock release action executor"        [_thread_blocked, id=2788, stack(0x000000ca72f00000,0x000000ca73000000) (1024K)]
  0x00000258a27a47d0 JavaThread "Cache worker for cache directory md-supplier (C:\Users\ASUS\.gradle\caches\9.3.1\md-supplier)"        [_thread_blocked, id=12276, stack(0x000000ca73000000,0x000000ca73100000) (1024K)]
  0x00000258a27a2700 JavaThread "Cache worker for cache directory md-rule (C:\Users\ASUS\.gradle\caches\9.3.1\md-rule)"        [_thread_blocked, id=7628, stack(0x000000ca73100000,0x000000ca73200000) (1024K)]
  0x00000258a27a2d90 JavaThread "Unconstrained build operations"        [_thread_blocked, id=21012, stack(0x000000ca73300000,0x000000ca73400000) (1024K)]
  0x00000258a27a68a0 JavaThread "Unconstrained build operations Thread 2"        [_thread_blocked, id=17856, stack(0x000000ca73400000,0x000000ca73500000) (1024K)]
  0x00000258a27a3420 JavaThread "Unconstrained build operations Thread 3"        [_thread_blocked, id=4464, stack(0x000000ca73500000,0x000000ca73600000) (1024K)]
  0x00000258a27a6f30 JavaThread "Unconstrained build operations Thread 4"        [_thread_blocked, id=1008, stack(0x000000ca73200000,0x000000ca73300000) (1024K)]
  0x00000258a27a75c0 JavaThread "Unconstrained build operations Thread 5"        [_thread_blocked, id=22592, stack(0x000000ca73600000,0x000000ca73700000) (1024K)]
  0x00000258a27a8970 JavaThread "Unconstrained build operations Thread 6"        [_thread_blocked, id=2080, stack(0x000000ca73700000,0x000000ca73800000) (1024K)]
  0x00000258a27a7c50 JavaThread "Unconstrained build operations Thread 7"        [_thread_blocked, id=25576, stack(0x000000ca73800000,0x000000ca73900000) (1024K)]
  0x00000258a27a82e0 JavaThread "Unconstrained build operations Thread 8"        [_thread_blocked, id=9144, stack(0x000000ca73900000,0x000000ca73a00000) (1024K)]
  0x00000258a27a9000 JavaThread "Unconstrained build operations Thread 9"        [_thread_blocked, id=17040, stack(0x000000ca73a00000,0x000000ca73b00000) (1024K)]
  0x00000258a27a9690 JavaThread "Unconstrained build operations Thread 10"        [_thread_blocked, id=18660, stack(0x000000ca73b00000,0x000000ca73c00000) (1024K)]
  0x00000258a089a2a0 JavaThread "Unconstrained build operations Thread 11"        [_thread_blocked, id=26364, stack(0x000000ca73c00000,0x000000ca73d00000) (1024K)]
  0x00000258a0899580 JavaThread "Unconstrained build operations Thread 12"        [_thread_blocked, id=19760, stack(0x000000ca73d00000,0x000000ca73e00000) (1024K)]
  0x00000258a089a930 JavaThread "Unconstrained build operations Thread 13"        [_thread_blocked, id=11148, stack(0x000000ca73e00000,0x000000ca73f00000) (1024K)]
  0x00000258a089bce0 JavaThread "Unconstrained build operations Thread 14"        [_thread_blocked, id=15004, stack(0x000000ca73f00000,0x000000ca74000000) (1024K)]
  0x00000258a089afc0 JavaThread "Unconstrained build operations Thread 15"        [_thread_blocked, id=14360, stack(0x000000ca74000000,0x000000ca74100000) (1024K)]
  0x00000258a089b650 JavaThread "Unconstrained build operations Thread 16"        [_thread_blocked, id=25904, stack(0x000000ca74100000,0x000000ca74200000) (1024K)]
  0x00000258a089c370 JavaThread "Unconstrained build operations Thread 17"        [_thread_blocked, id=25428, stack(0x000000ca74200000,0x000000ca74300000) (1024K)]
  0x00000258a0899c10 JavaThread "Unconstrained build operations Thread 18"        [_thread_blocked, id=25088, stack(0x000000ca74300000,0x000000ca74400000) (1024K)]
  0x00000258a0898ef0 JavaThread "Unconstrained build operations Thread 19"        [_thread_blocked, id=19312, stack(0x000000ca74400000,0x000000ca74500000) (1024K)]
  0x00000258a089ca00 JavaThread "Unconstrained build operations Thread 20"        [_thread_blocked, id=23400, stack(0x000000ca74500000,0x000000ca74600000) (1024K)]
  0x00000258a089f7f0 JavaThread "Unconstrained build operations Thread 21"        [_thread_blocked, id=26024, stack(0x000000ca74600000,0x000000ca74700000) (1024K)]
  0x00000258a089d720 JavaThread "Unconstrained build operations Thread 22"        [_thread_blocked, id=6708, stack(0x000000ca74700000,0x000000ca74800000) (1024K)]
  0x00000258a089ddb0 JavaThread "Unconstrained build operations Thread 23"        [_thread_blocked, id=26048, stack(0x000000ca74800000,0x000000ca74900000) (1024K)]
  0x00000258a089fe80 JavaThread "Unconstrained build operations Thread 24"        [_thread_blocked, id=23128, stack(0x000000ca74900000,0x000000ca74a00000) (1024K)]
  0x00000258a089e440 JavaThread "Unconstrained build operations Thread 25"        [_thread_blocked, id=22928, stack(0x000000ca74a00000,0x000000ca74b00000) (1024K)]
  0x00000258a089d090 JavaThread "Unconstrained build operations Thread 26"        [_thread_blocked, id=24876, stack(0x000000ca74b00000,0x000000ca74c00000) (1024K)]
  0x00000258a08a0510 JavaThread "Unconstrained build operations Thread 27"        [_thread_blocked, id=23284, stack(0x000000ca74c00000,0x000000ca74d00000) (1024K)]
  0x00000258a089ead0 JavaThread "Unconstrained build operations Thread 28"        [_thread_blocked, id=14372, stack(0x000000ca74d00000,0x000000ca74e00000) (1024K)]
  0x00000258a089f160 JavaThread "Unconstrained build operations Thread 29"        [_thread_blocked, id=23232, stack(0x000000ca74e00000,0x000000ca74f00000) (1024K)]
  0x00000258a2a8e670 JavaThread "Unconstrained build operations Thread 30"        [_thread_blocked, id=26420, stack(0x000000ca74f00000,0x000000ca75000000) (1024K)]
  0x00000258a2a8ed00 JavaThread "Unconstrained build operations Thread 31"        [_thread_blocked, id=16848, stack(0x000000ca75000000,0x000000ca75100000) (1024K)]
  0x00000258a2a8bf10 JavaThread "Unconstrained build operations Thread 32"        [_thread_blocked, id=16164, stack(0x000000ca75100000,0x000000ca75200000) (1024K)]
  0x00000258a2a8dfe0 JavaThread "Unconstrained build operations Thread 33"        [_thread_blocked, id=21496, stack(0x000000ca75200000,0x000000ca75300000) (1024K)]
  0x00000258a2a8f390 JavaThread "Unconstrained build operations Thread 34"        [_thread_blocked, id=26360, stack(0x000000ca75300000,0x000000ca75400000) (1024K)]
  0x00000258a2a8fa20 JavaThread "Unconstrained build operations Thread 35"        [_thread_blocked, id=11008, stack(0x000000ca75400000,0x000000ca75500000) (1024K)]
  0x00000258a2a8d2c0 JavaThread "Unconstrained build operations Thread 36"        [_thread_blocked, id=1116, stack(0x000000ca75500000,0x000000ca75600000) (1024K)]
  0x00000258a2a900b0 JavaThread "Unconstrained build operations Thread 37"        [_thread_blocked, id=26468, stack(0x000000ca75600000,0x000000ca75700000) (1024K)]
  0x00000258a2a90740 JavaThread "Unconstrained build operations Thread 38"        [_thread_blocked, id=26256, stack(0x000000ca75700000,0x000000ca75800000) (1024K)]
  0x00000258a2a90dd0 JavaThread "Unconstrained build operations Thread 39"        [_thread_blocked, id=6964, stack(0x000000ca75800000,0x000000ca75900000) (1024K)]
  0x00000258a2a8d950 JavaThread "Unconstrained build operations Thread 40"        [_thread_blocked, id=2012, stack(0x000000ca75900000,0x000000ca75a00000) (1024K)]
  0x00000258a2a91460 JavaThread "Unconstrained build operations Thread 41"        [_thread_blocked, id=5724, stack(0x000000ca75a00000,0x000000ca75b00000) (1024K)]
  0x00000258a2a92180 JavaThread "Unconstrained build operations Thread 42"        [_thread_blocked, id=15884, stack(0x000000ca75b00000,0x000000ca75c00000) (1024K)]
  0x00000258a2a91af0 JavaThread "Unconstrained build operations Thread 43"        [_thread_blocked, id=18032, stack(0x000000ca75c00000,0x000000ca75d00000) (1024K)]
  0x00000258a2a92810 JavaThread "Unconstrained build operations Thread 44"        [_thread_blocked, id=8348, stack(0x000000ca75d00000,0x000000ca75e00000) (1024K)]
  0x00000258a2a92ea0 JavaThread "Unconstrained build operations Thread 45"        [_thread_blocked, id=21600, stack(0x000000ca75e00000,0x000000ca75f00000) (1024K)]
  0x00000258a27a6210 JavaThread "Memory manager"                    [_thread_blocked, id=12624, stack(0x000000ca75f00000,0x000000ca76000000) (1024K)]
  0x00000258a3122700 JavaThread "build event listener"              [_thread_blocked, id=2460, stack(0x000000ca76000000,0x000000ca76100000) (1024K)]
  0x00000258a3e35390 JavaThread "included builds"                   [_thread_blocked, id=3488, stack(0x000000ca6fc00000,0x000000ca6fd00000) (1024K)]
  0x00000258a3123420 JavaThread "Execution worker"                  [_thread_blocked, id=26348, stack(0x000000ca6fd00000,0x000000ca6fe00000) (1024K)]
  0x00000258a91cd530 JavaThread "Execution worker Thread 2"         [_thread_blocked, id=11580, stack(0x000000ca6fe00000,0x000000ca6ff00000) (1024K)]
  0x00000258a91d0320 JavaThread "Execution worker Thread 3"         [_thread_blocked, id=6384, stack(0x000000ca76100000,0x000000ca76200000) (1024K)]
  0x00000258a91ccea0 JavaThread "Execution worker Thread 4"         [_thread_blocked, id=21668, stack(0x000000ca76200000,0x000000ca76300000) (1024K)]
  0x00000258a91cf600 JavaThread "Execution worker Thread 5"         [_thread_blocked, id=9124, stack(0x000000ca76300000,0x000000ca76400000) (1024K)]
  0x00000258a91ce8e0 JavaThread "Execution worker Thread 6"         [_thread_blocked, id=9544, stack(0x000000ca76400000,0x000000ca76500000) (1024K)]
  0x00000258a91cdbc0 JavaThread "Execution worker Thread 7"         [_thread_blocked, id=17908, stack(0x000000ca76500000,0x000000ca76600000) (1024K)]
  0x00000258a91d16d0 JavaThread "Execution worker Thread 8"         [_thread_blocked, id=14204, stack(0x000000ca76600000,0x000000ca76700000) (1024K)]
  0x00000258a91cfc90 JavaThread "Execution worker Thread 9"         [_thread_blocked, id=14968, stack(0x000000ca76700000,0x000000ca76800000) (1024K)]
  0x00000258a91d09b0 JavaThread "Execution worker Thread 10"        [_thread_blocked, id=2120, stack(0x000000ca76800000,0x000000ca76900000) (1024K)]
  0x00000258a91ce250 JavaThread "Execution worker Thread 11"        [_thread_blocked, id=872, stack(0x000000ca76900000,0x000000ca76a00000) (1024K)]
  0x00000258a91cef70 JavaThread "Cache worker for execution history cache (C:\Users\ASUS\AndroidStudioProjects\MODUL_MOBILE\MODUL_5\COMPOSE\.gradle\9.3.1\executionHistory)"        [_thread_blocked, id=26496, stack(0x000000ca76a00000,0x000000ca76b00000) (1024K)]
  0x00000258a91d23f0 JavaThread "Unconstrained build operations Thread 46"        [_thread_blocked, id=9824, stack(0x000000ca76b00000,0x000000ca76c00000) (1024K)]
  0x00000258a91d1040 JavaThread "Unconstrained build operations Thread 47"        [_thread_blocked, id=4544, stack(0x000000ca76c00000,0x000000ca76d00000) (1024K)]
  0x00000258a91d44c0 JavaThread "Unconstrained build operations Thread 48"        [_thread_blocked, id=22128, stack(0x000000ca76d00000,0x000000ca76e00000) (1024K)]
  0x00000258a91d1d60 JavaThread "Unconstrained build operations Thread 49"        [_thread_blocked, id=26540, stack(0x000000ca76e00000,0x000000ca76f00000) (1024K)]
  0x00000258a91d2a80 JavaThread "Unconstrained build operations Thread 50"        [_thread_blocked, id=4064, stack(0x000000ca76f00000,0x000000ca77000000) (1024K)]
  0x00000258a91d3110 JavaThread "Unconstrained build operations Thread 51"        [_thread_blocked, id=13344, stack(0x000000ca77000000,0x000000ca77100000) (1024K)]
  0x00000258a91d37a0 JavaThread "Unconstrained build operations Thread 52"        [_thread_blocked, id=4228, stack(0x000000ca77100000,0x000000ca77200000) (1024K)]
  0x00000258a3e2fe40 JavaThread "Unconstrained build operations Thread 53"        [_thread_blocked, id=21740, stack(0x000000ca77200000,0x000000ca77300000) (1024K)]
  0x00000258a3e30b60 JavaThread "Unconstrained build operations Thread 54"        [_thread_blocked, id=4212, stack(0x000000ca77300000,0x000000ca77400000) (1024K)]
  0x00000258a3e2f7b0 JavaThread "Unconstrained build operations Thread 55"        [_thread_blocked, id=21524, stack(0x000000ca77400000,0x000000ca77500000) (1024K)]
  0x00000258a3e311f0 JavaThread "Unconstrained build operations Thread 56"        [_thread_blocked, id=6804, stack(0x000000ca77500000,0x000000ca77600000) (1024K)]
  0x00000258a3e2dd70 JavaThread "Unconstrained build operations Thread 57"        [_thread_blocked, id=7424, stack(0x000000ca77600000,0x000000ca77700000) (1024K)]
  0x00000258a913c3e0 JavaThread "Unconstrained build operations Thread 58"        [_thread_blocked, id=26056, stack(0x000000ca77700000,0x000000ca77800000) (1024K)]
  0x00000258a9139c80 JavaThread "Unconstrained build operations Thread 59"        [_thread_blocked, id=4256, stack(0x000000ca77800000,0x000000ca77900000) (1024K)]
  0x00000258a913b030 JavaThread "Unconstrained build operations Thread 60"        [_thread_blocked, id=10352, stack(0x000000ca77900000,0x000000ca77a00000) (1024K)]
  0x00000258a913bd50 JavaThread "Unconstrained build operations Thread 61"        [_thread_blocked, id=23656, stack(0x000000ca77a00000,0x000000ca77b00000) (1024K)]
  0x00000258a913ca70 JavaThread "Unconstrained build operations Thread 62"        [_thread_blocked, id=23748, stack(0x000000ca77b00000,0x000000ca77c00000) (1024K)]
  0x00000258a913a310 JavaThread "Unconstrained build operations Thread 63"        [_thread_blocked, id=23652, stack(0x000000ca77c00000,0x000000ca77d00000) (1024K)]
  0x00000258a913b6c0 JavaThread "Unconstrained build operations Thread 64"        [_thread_blocked, id=23396, stack(0x000000ca77d00000,0x000000ca77e00000) (1024K)]
  0x00000258a91395f0 JavaThread "Unconstrained build operations Thread 65"        [_thread_blocked, id=13132, stack(0x000000ca77e00000,0x000000ca77f00000) (1024K)]
  0x00000258a4657850 JavaThread "Unconstrained build operations Thread 66"        [_thread_blocked, id=23760, stack(0x000000ca77f00000,0x000000ca78000000) (1024K)]
  0x00000258a4657ee0 JavaThread "Unconstrained build operations Thread 67"        [_thread_blocked, id=18848, stack(0x000000ca78000000,0x000000ca78100000) (1024K)]
  0x00000258a46571c0 JavaThread "Unconstrained build operations Thread 68"        [_thread_blocked, id=9888, stack(0x000000ca78100000,0x000000ca78200000) (1024K)]
  0x00000258a3e34670 JavaThread "Unconstrained build operations Thread 69"        [_thread_blocked, id=13000, stack(0x000000ca78200000,0x000000ca78300000) (1024K)]
  0x00000258aa218e50 JavaThread "Unconstrained build operations Thread 70"        [_thread_blocked, id=26172, stack(0x000000ca78300000,0x000000ca78400000) (1024K)]
  0x00000258aa2194e0 JavaThread "Unconstrained build operations Thread 71"        [_thread_blocked, id=21968, stack(0x000000ca78400000,0x000000ca78500000) (1024K)]
  0x00000258a9834540 JavaThread "Unconstrained build operations Thread 72"        [_thread_blocked, id=11788, stack(0x000000ca78500000,0x000000ca78600000) (1024K)]
  0x00000258a9833eb0 JavaThread "Unconstrained build operations Thread 73"        [_thread_blocked, id=21252, stack(0x000000ca78600000,0x000000ca78700000) (1024K)]
  0x00000258a9834bd0 JavaThread "Unconstrained build operations Thread 74"        [_thread_blocked, id=25944, stack(0x000000ca78700000,0x000000ca78800000) (1024K)]
  0x00000258a9835260 JavaThread "Unconstrained build operations Thread 75"        [_thread_blocked, id=5108, stack(0x000000ca78800000,0x000000ca78900000) (1024K)]
  0x00000258aa220e60 JavaThread "Unconstrained build operations Thread 76"        [_thread_blocked, id=9864, stack(0x000000ca78900000,0x000000ca78a00000) (1024K)]
  0x00000258aa21e700 JavaThread "Unconstrained build operations Thread 77"        [_thread_blocked, id=7748, stack(0x000000ca78a00000,0x000000ca78b00000) (1024K)]
  0x00000258aa21ed90 JavaThread "Unconstrained build operations Thread 78"        [_thread_blocked, id=6868, stack(0x000000ca78b00000,0x000000ca78c00000) (1024K)]
  0x00000258aa2214f0 JavaThread "Unconstrained build operations Thread 79"        [_thread_blocked, id=3976, stack(0x000000ca78c00000,0x000000ca78d00000) (1024K)]
  0x00000258a9234230 JavaThread "Unconstrained build operations Thread 80"        [_thread_blocked, id=4028, stack(0x000000ca78d00000,0x000000ca78e00000) (1024K)]
  0x00000258a9232e80 JavaThread "Unconstrained build operations Thread 81"        [_thread_blocked, id=15012, stack(0x000000ca78e00000,0x000000ca78f00000) (1024K)]
  0x00000258a9233ba0 JavaThread "Unconstrained build operations Thread 82"        [_thread_blocked, id=21608, stack(0x000000ca78f00000,0x000000ca79000000) (1024K)]
  0x00000258a9233510 JavaThread "Unconstrained build operations Thread 83"        [_thread_blocked, id=8720, stack(0x000000ca79000000,0x000000ca79100000) (1024K)]
  0x00000258a9703c00 JavaThread "Unconstrained build operations Thread 84"        [_thread_blocked, id=19348, stack(0x000000ca79100000,0x000000ca79200000) (1024K)]
  0x00000258a9705cd0 JavaThread "Unconstrained build operations Thread 85"        [_thread_blocked, id=21676, stack(0x000000ca79200000,0x000000ca79300000) (1024K)]
  0x00000258a9704fb0 JavaThread "Unconstrained build operations Thread 86"        [_thread_blocked, id=23716, stack(0x000000ca79300000,0x000000ca79400000) (1024K)]
  0x00000258a9704920 JavaThread "Unconstrained build operations Thread 87"        [_thread_blocked, id=25696, stack(0x000000ca79400000,0x000000ca79500000) (1024K)]
  0x00000258a4654a60 JavaThread "Unconstrained build operations Thread 88"        [_thread_blocked, id=24892, stack(0x000000ca79500000,0x000000ca79600000) (1024K)]
  0x00000258a46550f0 JavaThread "Unconstrained build operations Thread 89"        [_thread_blocked, id=7488, stack(0x000000ca79600000,0x000000ca79700000) (1024K)]
  0x00000258a46564a0 JavaThread "Unconstrained build operations Thread 90"        [_thread_blocked, id=7108, stack(0x000000ca79700000,0x000000ca79800000) (1024K)]
  0x00000258aa21f420 JavaThread "Unconstrained build operations Thread 91"        [_thread_blocked, id=26480, stack(0x000000ca79800000,0x000000ca79900000) (1024K)]
  0x00000258aa21fab0 JavaThread "Unconstrained build operations Thread 92"        [_thread_blocked, id=3228, stack(0x000000ca79900000,0x000000ca79a00000) (1024K)]
  0x00000258aa220140 JavaThread "Unconstrained build operations Thread 93"        [_thread_blocked, id=15396, stack(0x000000ca79a00000,0x000000ca79b00000) (1024K)]
  0x00000258aa2207d0 JavaThread "Unconstrained build operations Thread 94"        [_thread_blocked, id=16444, stack(0x000000ca79b00000,0x000000ca79c00000) (1024K)]
  0x00000258a4635e10 JavaThread "Unconstrained build operations Thread 95"        [_thread_blocked, id=7564, stack(0x000000ca79c00000,0x000000ca79d00000) (1024K)]
  0x00000258a46364a0 JavaThread "Unconstrained build operations Thread 96"        [_thread_blocked, id=19320, stack(0x000000ca79d00000,0x000000ca79e00000) (1024K)]
  0x00000258a46371c0 JavaThread "Unconstrained build operations Thread 97"        [_thread_blocked, id=21248, stack(0x000000ca79e00000,0x000000ca79f00000) (1024K)]
  0x00000258a4639290 JavaThread "Unconstrained build operations Thread 98"        [_thread_blocked, id=23756, stack(0x000000ca79f00000,0x000000ca7a000000) (1024K)]
  0x00000258a4636b30 JavaThread "Unconstrained build operations Thread 99"        [_thread_blocked, id=13540, stack(0x000000ca7a000000,0x000000ca7a100000) (1024K)]
  0x00000258a4637850 JavaThread "Unconstrained build operations Thread 100"        [_thread_blocked, id=10224, stack(0x000000ca7a100000,0x000000ca7a200000) (1024K)]
  0x00000258aa2187c0 JavaThread "Unconstrained build operations Thread 101"        [_thread_blocked, id=21660, stack(0x000000ca7a200000,0x000000ca7a300000) (1024K)]
  0x00000258aa216060 JavaThread "Unconstrained build operations Thread 102"        [_thread_blocked, id=15828, stack(0x000000ca7a300000,0x000000ca7a400000) (1024K)]
  0x00000258aa219b70 JavaThread "Unconstrained build operations Thread 103"        [_thread_blocked, id=20600, stack(0x000000ca7a400000,0x000000ca7a500000) (1024K)]
  0x00000258a4521780 JavaThread "Unconstrained build operations Thread 104"        [_thread_blocked, id=14964, stack(0x000000ca7a500000,0x000000ca7a600000) (1024K)]
  0x00000258a45231c0 JavaThread "Unconstrained build operations Thread 105"        [_thread_blocked, id=5100, stack(0x000000ca7a600000,0x000000ca7a700000) (1024K)]
  0x00000258a4523850 JavaThread "Unconstrained build operations Thread 106"        [_thread_blocked, id=24172, stack(0x000000ca7a700000,0x000000ca7a800000) (1024K)]
  0x00000258a4523ee0 JavaThread "Unconstrained build operations Thread 107"        [_thread_blocked, id=11760, stack(0x000000ca7a800000,0x000000ca7a900000) (1024K)]
  0x00000258a4520a60 JavaThread "Unconstrained build operations Thread 108"        [_thread_blocked, id=24276, stack(0x000000ca7a900000,0x000000ca7aa00000) (1024K)]
  0x00000258a4521e10 JavaThread "Unconstrained build operations Thread 109"        [_thread_blocked, id=6360, stack(0x000000ca7aa00000,0x000000ca7ab00000) (1024K)]
  0x00000258a45210f0 JavaThread "Unconstrained build operations Thread 110"        [_thread_blocked, id=6120, stack(0x000000ca7ab00000,0x000000ca7ac00000) (1024K)]
  0x00000258a45224a0 JavaThread "Unconstrained build operations Thread 111"        [_thread_blocked, id=25932, stack(0x000000ca7ac00000,0x000000ca7ad00000) (1024K)]
  0x00000258a4522b30 JavaThread "Unconstrained build operations Thread 112"        [_thread_blocked, id=20608, stack(0x000000ca7ad00000,0x000000ca7ae00000) (1024K)]
  0x00000258a9aa6270 JavaThread "Unconstrained build operations Thread 113"        [_thread_blocked, id=5300, stack(0x000000ca7ae00000,0x000000ca7af00000) (1024K)]
  0x00000258a9aa6900 JavaThread "Unconstrained build operations Thread 114"        [_thread_blocked, id=24636, stack(0x000000ca7af00000,0x000000ca7b000000) (1024K)]
  0x00000258a9db8bc0 JavaThread "Unconstrained build operations Thread 115"        [_thread_blocked, id=14112, stack(0x000000ca7b000000,0x000000ca7b100000) (1024K)]
  0x00000258a9db7ea0 JavaThread "Unconstrained build operations Thread 116"        [_thread_blocked, id=16624, stack(0x000000ca7b100000,0x000000ca7b200000) (1024K)]
  0x00000258a9aa5be0 JavaThread "Unconstrained build operations Thread 117"        [_thread_blocked, id=2664, stack(0x000000ca7b200000,0x000000ca7b300000) (1024K)]
  0x00000258a9aa5550 JavaThread "Unconstrained build operations Thread 118"        [_thread_blocked, id=9004, stack(0x000000ca7b300000,0x000000ca7b400000) (1024K)]
  0x00000258a9705640 JavaThread "Unconstrained build operations Thread 119"        [_thread_blocked, id=2532, stack(0x000000ca7b400000,0x000000ca7b500000) (1024K)]
  0x00000258a9704290 JavaThread "Unconstrained build operations Thread 120"        [_thread_blocked, id=6784, stack(0x000000ca7b500000,0x000000ca7b600000) (1024K)]
  0x00000258aa2166f0 JavaThread "WorkerExecutor Queue"              [_thread_blocked, id=12256, stack(0x000000ca7b600000,0x000000ca7b700000) (1024K)]
  0x00000258a4638570 JavaThread "WorkerExecutor Queue Thread 2"        [_thread_blocked, id=16412, stack(0x000000ca7b700000,0x000000ca7b800000) (1024K)]
  0x00000258a4638c00 JavaThread "WorkerExecutor Queue Thread 3"        [_thread_in_native, id=12252, stack(0x000000ca7b800000,0x000000ca7b900000) (1024K)]
  0x00000258a4459d70 JavaThread "RMI Scheduler(0)"           daemon [_thread_blocked, id=24436, stack(0x000000ca7b900000,0x000000ca7ba00000) (1024K)]
  0x00000258a44596e0 JavaThread "RMI RenewClean-[127.0.0.1:17519,org.jetbrains.kotlin.daemon.common.LoopbackNetworkInterface$ClientLoopbackSocketFactory@c2889c2]" daemon [_thread_blocked, id=25024, stack(0x000000ca7ba00000,0x000000ca7bb00000) (1024K)]
  0x00000258a445a400 JavaThread "RMI GC Daemon"              daemon [_thread_blocked, id=2920, stack(0x000000ca7bb00000,0x000000ca7bc00000) (1024K)]
  0x00000258a445cb60 JavaThread "RMI TCP Accept-0"           daemon [_thread_in_native, id=14424, stack(0x000000ca7bc00000,0x000000ca7bd00000) (1024K)]
  0x00000258a445aa90 JavaThread "RMI Reaper"                        [_thread_blocked, id=16612, stack(0x000000ca7bd00000,0x000000ca7be00000) (1024K)]
  0x00000258a9e15460 JavaThread "RMI TCP Connection(idle)"   daemon [_thread_blocked, id=21768, stack(0x000000ca7be00000,0x000000ca7bf00000) (1024K)]
  0x00000258a94e4760 JavaThread "DefaultDispatcher-worker-1" daemon [_thread_blocked, id=23120, stack(0x000000ca7bf00000,0x000000ca7c000000) (1024K)]
  0x00000258a3035a30 JavaThread "DefaultDispatcher-worker-2" daemon [_thread_blocked, id=15100, stack(0x000000ca7c000000,0x000000ca7c100000) (1024K)]
  0x00000258a94e40d0 JavaThread "DefaultDispatcher-worker-3" daemon [_thread_blocked, id=15572, stack(0x000000ca7c100000,0x000000ca7c200000) (1024K)]
  0x00000258a4456a80 JavaThread "DefaultDispatcher-worker-4" daemon [_thread_blocked, id=6724, stack(0x000000ca7c200000,0x000000ca7c300000) (1024K)]
  0x00000258a445b120 JavaThread "DefaultDispatcher-worker-5" daemon [_thread_blocked, id=20916, stack(0x000000ca7c300000,0x000000ca7c400000) (1024K)]
  0x00000258aa216d80 JavaThread "DefaultDispatcher-worker-6" daemon [_thread_blocked, id=11728, stack(0x000000ca7c400000,0x000000ca7c500000) (1024K)]
  0x00000258a478c6d0 JavaThread "Periodic tasks thread"      daemon [_thread_blocked, id=24424, stack(0x000000ca7c500000,0x000000ca7c600000) (1024K)]
  0x00000258a4789f70 JavaThread "ApplicationImpl pooled thread 1"        [_thread_blocked, id=26232, stack(0x000000ca7c600000,0x000000ca7c700000) (1024K)]
  0x00000258aac24e60 JavaThread "ForkJoinPool.commonPool-worker-2" daemon [_thread_blocked, id=12800, stack(0x000000ca7c700000,0x000000ca7c800000) (1024K)]
  0x00000258a9b260f0 JavaThread "ForkJoinPool.commonPool-worker-1" daemon [_thread_blocked, id=10620, stack(0x000000ca7c800000,0x000000ca7c900000) (1024K)]
  0x00000258abebbc70 JavaThread "Java2D Disposer"            daemon [_thread_blocked, id=10800, stack(0x000000ca7c900000,0x000000ca7ca00000) (1024K)]
  0x00000258abebaf50 JavaThread "AWT-Windows"                daemon [_thread_in_native, id=18388, stack(0x000000ca7cb00000,0x000000ca7cc00000) (1024K)]
  0x00000258aac23420 JavaThread "ApplicationImpl pooled thread 2"        [_thread_blocked, id=5440, stack(0x000000ca7ca00000,0x000000ca7cb00000) (1024K)]
  0x00000258aac247d0 JavaThread "ForkJoinPool.commonPool-worker-3" daemon [_thread_blocked, id=26456, stack(0x000000ca7cd00000,0x000000ca7ce00000) (1024K)]
  0x00000258591d9550 JavaThread "C2 CompilerThread1"         daemon [_thread_blocked, id=25648, stack(0x000000ca7ce00000,0x000000ca7cf00000) (1024K)]
  0x00000258ac97ff90 JavaThread "C2 CompilerThread2"         daemon [_thread_blocked, id=11356, stack(0x000000ca7cf00000,0x000000ca7d000000) (1024K)]
Total: 193

Other Threads:
=>0x0000025859183980 VMThread "VM Thread"                           [id=24012, stack(0x000000ca70600000,0x000000ca70700000) (1024K)]
  0x000002585916fd50 WatcherThread "VM Periodic Task Thread"        [id=18928, stack(0x000000ca70500000,0x000000ca70600000) (1024K)]
  0x000002583c106d80 WorkerThread "GC Thread#0"                     [id=24692, stack(0x000000ca70000000,0x000000ca70100000) (1024K)]
  0x000002585956ed50 WorkerThread "GC Thread#1"                     [id=11592, stack(0x000000ca71100000,0x000000ca71200000) (1024K)]
  0x0000025859528e80 WorkerThread "GC Thread#2"                     [id=8784, stack(0x000000ca71200000,0x000000ca71300000) (1024K)]
  0x000002589f26d8d0 WorkerThread "GC Thread#3"                     [id=23628, stack(0x000000ca71300000,0x000000ca71400000) (1024K)]
  0x000002589f36b960 WorkerThread "GC Thread#4"                     [id=24716, stack(0x000000ca71400000,0x000000ca71500000) (1024K)]
  0x000002585932b7b0 WorkerThread "GC Thread#5"                     [id=17376, stack(0x000000ca71600000,0x000000ca71700000) (1024K)]
  0x000002585932bb50 WorkerThread "GC Thread#6"                     [id=7724, stack(0x000000ca71700000,0x000000ca71800000) (1024K)]
  0x000002589f437350 WorkerThread "GC Thread#7"                     [id=9168, stack(0x000000ca71800000,0x000000ca71900000) (1024K)]
  0x000002589f438700 WorkerThread "GC Thread#8"                     [id=21004, stack(0x000000ca71900000,0x000000ca71a00000) (1024K)]
  0x000002589f2ecc00 WorkerThread "GC Thread#9"                     [id=17984, stack(0x000000ca71a00000,0x000000ca71b00000) (1024K)]
  0x000002583c157010 ConcurrentGCThread "G1 Main Marker"            [id=3328, stack(0x000000ca70100000,0x000000ca70200000) (1024K)]
  0x000002583c159070 WorkerThread "G1 Conc#0"                       [id=25900, stack(0x000000ca70200000,0x000000ca70300000) (1024K)]
  0x000002589f2ed6e0 WorkerThread "G1 Conc#1"                       [id=9472, stack(0x000000ca72600000,0x000000ca72700000) (1024K)]
  0x000002589f2ecfa0 WorkerThread "G1 Conc#2"                       [id=13292, stack(0x000000ca72800000,0x000000ca72900000) (1024K)]
  0x000002585903d050 ConcurrentGCThread "G1 Refine#0"               [id=7888, stack(0x000000ca70300000,0x000000ca70400000) (1024K)]
  0x000002585903d970 ConcurrentGCThread "G1 Service"                [id=876, stack(0x000000ca70400000,0x000000ca70500000) (1024K)]
Total: 18

Threads with active compile tasks:
C2 CompilerThread0  184539 29584 %     4       com.intellij.openapi.util.text.StringUtil::escapeStringCharacters @ 25 (305 bytes)
C1 CompilerThread0  184539 29611       3       org.jetbrains.kotlin.fir.declarations.builder.FirFieldBuilder::getSymbol (17 bytes)
C2 CompilerThread1  184539 29554       4       org.jetbrains.org.objectweb.asm.ClassReader::readParameterAnnotations (106 bytes)
C2 CompilerThread2  184539 29589       4       kotlin.text.StringsKt__AppendableKt::appendElement (99 bytes)
Total: 4

VM state: at safepoint (normal execution)

VM Mutex/Monitor currently owned by a thread:  ([mutex/lock_event])
[0x00007ffc27c0b8b0] Threads_lock - owner thread: 0x0000025859183980
[0x00007ffc27c0b9b0] Heap_lock - owner thread: 0x00000258aa2166f0

Heap address: 0x0000000080000000, size: 2048 MB, Compressed Oops mode: 32-bit

CDS archive(s) mapped at: [0x000002585a000000-0x000002585ac80000-0x000002585ac80000), size 13107200, SharedBaseAddress: 0x000002585a000000, ArchiveRelocationMode: 1.
Compressed class space mapped at: 0x000002585b000000-0x000002589b000000, reserved size: 1073741824
Narrow klass base: 0x000002585a000000, Narrow klass shift: 0, Narrow klass range: 0x100000000

GC Precious Log:
 CardTable entry size: 512
 Card Set container configuration: InlinePtr #cards 5 size 8 Array Of Cards #cards 12 size 40 Howl #buckets 4 coarsen threshold 1843 Howl Bitmap #cards 512 size 80 coarsen threshold 460 Card regions per heap region 1 cards per card region 2048
 CPUs: 12 total, 12 available
 Memory: 7498M
 Large Page Support: Disabled
 NUMA Support: Disabled
 Compressed Oops: Enabled (32-bit)
 Heap Region Size: 1M
 Heap Min Capacity: 8M
 Heap Initial Capacity: 118M
 Heap Max Capacity: 2G
 Pre-touch: Disabled
 Parallel Workers: 10
 Concurrent Workers: 3
 Concurrent Refinement Workers: 10
 Periodic GC: Disabled

Heap:
 garbage-first heap   total 516096K, used 328340K [0x0000000080000000, 0x0000000100000000)
  region size 1024K, 14 young (14336K), 14 survivors (14336K)
 Metaspace       used 204684K, committed 207744K, reserved 1245184K
  class space    used 26340K, committed 27776K, reserved 1048576K

Heap Regions: E=young(eden), S=young(survivor), O=old, HS=humongous(starts), HC=humongous(continues), CS=collection set, F=free, TAMS=top-at-mark-start, PB=parsable bottom
|   0|0x0000000080000000, 0x0000000080100000, 0x0000000080100000|100%|HS|  |TAMS 0x0000000080000000| PB 0x0000000080000000| Complete 
|   1|0x0000000080100000, 0x0000000080200000, 0x0000000080200000|100%|HC|  |TAMS 0x0000000080100000| PB 0x0000000080100000| Complete 
|   2|0x0000000080200000, 0x0000000080300000, 0x0000000080300000|100%|HC|  |TAMS 0x0000000080200000| PB 0x0000000080200000| Complete 
|   3|0x0000000080300000, 0x0000000080400000, 0x0000000080400000|100%|HC|  |TAMS 0x0000000080300000| PB 0x0000000080300000| Complete 
|   4|0x0000000080400000, 0x0000000080500000, 0x0000000080500000|100%| O|  |TAMS 0x0000000080400000| PB 0x0000000080400000| Untracked 
|   5|0x0000000080500000, 0x0000000080600000, 0x0000000080600000|100%| O|  |TAMS 0x0000000080500000| PB 0x0000000080500000| Untracked 
|   6|0x0000000080600000, 0x0000000080700000, 0x0000000080700000|100%| O|  |TAMS 0x0000000080600000| PB 0x0000000080600000| Untracked 
|   7|0x0000000080700000, 0x0000000080800000, 0x0000000080800000|100%|HS|  |TAMS 0x0000000080700000| PB 0x0000000080700000| Complete 
|   8|0x0000000080800000, 0x0000000080900000, 0x0000000080900000|100%| O|  |TAMS 0x0000000080800000| PB 0x0000000080800000| Untracked 
|   9|0x0000000080900000, 0x0000000080a00000, 0x0000000080a00000|100%| O|  |TAMS 0x0000000080900000| PB 0x0000000080900000| Untracked 
|  10|0x0000000080a00000, 0x0000000080b00000, 0x0000000080b00000|100%| O|  |TAMS 0x0000000080a00000| PB 0x0000000080a00000| Untracked 
|  11|0x0000000080b00000, 0x0000000080c00000, 0x0000000080c00000|100%| O|  |TAMS 0x0000000080b00000| PB 0x0000000080b00000| Untracked 
|  12|0x0000000080c00000, 0x0000000080d00000, 0x0000000080d00000|100%| O|  |TAMS 0x0000000080c00000| PB 0x0000000080c00000| Untracked 
|  13|0x0000000080d00000, 0x0000000080e00000, 0x0000000080e00000|100%| O|  |TAMS 0x0000000080d00000| PB 0x0000000080d00000| Untracked 
|  14|0x0000000080e00000, 0x0000000080f00000, 0x0000000080f00000|100%| O|  |TAMS 0x0000000080e00000| PB 0x0000000080e00000| Untracked 
|  15|0x0000000080f00000, 0x0000000081000000, 0x0000000081000000|100%| O|  |TAMS 0x0000000080f00000| PB 0x0000000080f00000| Untracked 
|  16|0x0000000081000000, 0x0000000081100000, 0x0000000081100000|100%| O|  |TAMS 0x0000000081000000| PB 0x0000000081000000| Untracked 
|  17|0x0000000081100000, 0x0000000081200000, 0x0000000081200000|100%| O|  |TAMS 0x0000000081100000| PB 0x0000000081100000| Untracked 
|  18|0x0000000081200000, 0x0000000081300000, 0x0000000081300000|100%| O|  |TAMS 0x0000000081200000| PB 0x0000000081200000| Untracked 
|  19|0x0000000081300000, 0x0000000081400000, 0x0000000081400000|100%| O|  |TAMS 0x0000000081300000| PB 0x0000000081300000| Untracked 
|  20|0x0000000081400000, 0x0000000081500000, 0x0000000081500000|100%| O|  |TAMS 0x0000000081400000| PB 0x0000000081400000| Untracked 
|  21|0x0000000081500000, 0x0000000081600000, 0x0000000081600000|100%| O|  |TAMS 0x0000000081500000| PB 0x0000000081500000| Untracked 
|  22|0x0000000081600000, 0x0000000081700000, 0x0000000081700000|100%| O|  |TAMS 0x0000000081600000| PB 0x0000000081600000| Untracked 
|  23|0x0000000081700000, 0x0000000081800000, 0x0000000081800000|100%| O|  |TAMS 0x0000000081700000| PB 0x0000000081700000| Untracked 
|  24|0x0000000081800000, 0x0000000081900000, 0x0000000081900000|100%| O|  |TAMS 0x0000000081800000| PB 0x0000000081800000| Untracked 
|  25|0x0000000081900000, 0x0000000081a00000, 0x0000000081a00000|100%| O|  |TAMS 0x0000000081900000| PB 0x0000000081900000| Untracked 
|  26|0x0000000081a00000, 0x0000000081b00000, 0x0000000081b00000|100%| O|  |TAMS 0x0000000081a00000| PB 0x0000000081a00000| Untracked 
|  27|0x0000000081b00000, 0x0000000081c00000, 0x0000000081c00000|100%| O|  |TAMS 0x0000000081b00000| PB 0x0000000081b00000| Untracked 
|  28|0x0000000081c00000, 0x0000000081d00000, 0x0000000081d00000|100%| O|  |TAMS 0x0000000081c00000| PB 0x0000000081c00000| Untracked 
|  29|0x0000000081d00000, 0x0000000081e00000, 0x0000000081e00000|100%| O|  |TAMS 0x0000000081d00000| PB 0x0000000081d00000| Untracked 
|  30|0x0000000081e00000, 0x0000000081f00000, 0x0000000081f00000|100%| O|  |TAMS 0x0000000081e00000| PB 0x0000000081e00000| Untracked 
|  31|0x0000000081f00000, 0x0000000082000000, 0x0000000082000000|100%| O|  |TAMS 0x0000000081f00000| PB 0x0000000081f00000| Untracked 
|  32|0x0000000082000000, 0x0000000082100000, 0x0000000082100000|100%| O|  |TAMS 0x0000000082000000| PB 0x0000000082000000| Untracked 
|  33|0x0000000082100000, 0x0000000082200000, 0x0000000082200000|100%| O|  |TAMS 0x0000000082100000| PB 0x0000000082100000| Untracked 
|  34|0x0000000082200000, 0x0000000082300000, 0x0000000082300000|100%| O|  |TAMS 0x0000000082200000| PB 0x0000000082200000| Untracked 
|  35|0x0000000082300000, 0x0000000082400000, 0x0000000082400000|100%| O|  |TAMS 0x0000000082300000| PB 0x0000000082300000| Untracked 
|  36|0x0000000082400000, 0x0000000082500000, 0x0000000082500000|100%|HS|  |TAMS 0x0000000082400000| PB 0x0000000082400000| Complete 
|  37|0x0000000082500000, 0x0000000082600000, 0x0000000082600000|100%| O|  |TAMS 0x0000000082500000| PB 0x0000000082500000| Untracked 
|  38|0x0000000082600000, 0x0000000082700000, 0x0000000082700000|100%| O|  |TAMS 0x0000000082600000| PB 0x0000000082600000| Untracked 
|  39|0x0000000082700000, 0x0000000082800000, 0x0000000082800000|100%| O|  |TAMS 0x0000000082700000| PB 0x0000000082700000| Untracked 
|  40|0x0000000082800000, 0x0000000082900000, 0x0000000082900000|100%| O|  |TAMS 0x0000000082800000| PB 0x0000000082800000| Untracked 
|  41|0x0000000082900000, 0x0000000082a00000, 0x0000000082a00000|100%| O|  |TAMS 0x0000000082900000| PB 0x0000000082900000| Untracked 
|  42|0x0000000082a00000, 0x0000000082b00000, 0x0000000082b00000|100%| O|  |TAMS 0x0000000082a00000| PB 0x0000000082a00000| Untracked 
|  43|0x0000000082b00000, 0x0000000082c00000, 0x0000000082c00000|100%| O|  |TAMS 0x0000000082b00000| PB 0x0000000082b00000| Untracked 
|  44|0x0000000082c00000, 0x0000000082d00000, 0x0000000082d00000|100%| O|  |TAMS 0x0000000082c00000| PB 0x0000000082c00000| Untracked 
|  45|0x0000000082d00000, 0x0000000082e00000, 0x0000000082e00000|100%| O|  |TAMS 0x0000000082d00000| PB 0x0000000082d00000| Untracked 
|  46|0x0000000082e00000, 0x0000000082f00000, 0x0000000082f00000|100%| O|  |TAMS 0x0000000082e00000| PB 0x0000000082e00000| Untracked 
|  47|0x0000000082f00000, 0x0000000083000000, 0x0000000083000000|100%| O|  |TAMS 0x0000000082f00000| PB 0x0000000082f00000| Untracked 
|  48|0x0000000083000000, 0x0000000083100000, 0x0000000083100000|100%|HS|  |TAMS 0x0000000083000000| PB 0x0000000083000000| Complete 
|  49|0x0000000083100000, 0x0000000083200000, 0x0000000083200000|100%| O|  |TAMS 0x0000000083100000| PB 0x0000000083100000| Untracked 
|  50|0x0000000083200000, 0x0000000083300000, 0x0000000083300000|100%|HS|  |TAMS 0x0000000083200000| PB 0x0000000083200000| Complete 
|  51|0x0000000083300000, 0x0000000083400000, 0x0000000083400000|100%|HC|  |TAMS 0x0000000083300000| PB 0x0000000083300000| Complete 
|  52|0x0000000083400000, 0x0000000083500000, 0x0000000083500000|100%|HS|  |TAMS 0x0000000083400000| PB 0x0000000083400000| Complete 
|  53|0x0000000083500000, 0x0000000083600000, 0x0000000083600000|100%|HC|  |TAMS 0x0000000083500000| PB 0x0000000083500000| Complete 
|  54|0x0000000083600000, 0x0000000083700000, 0x0000000083700000|100%|HS|  |TAMS 0x0000000083600000| PB 0x0000000083600000| Complete 
|  55|0x0000000083700000, 0x0000000083800000, 0x0000000083800000|100%|HS|  |TAMS 0x0000000083700000| PB 0x0000000083700000| Complete 
|  56|0x0000000083800000, 0x0000000083900000, 0x0000000083900000|100%|HS|  |TAMS 0x0000000083800000| PB 0x0000000083800000| Complete 
|  57|0x0000000083900000, 0x0000000083a00000, 0x0000000083a00000|100%|HS|  |TAMS 0x0000000083900000| PB 0x0000000083900000| Complete 
|  58|0x0000000083a00000, 0x0000000083b00000, 0x0000000083b00000|100%| O|  |TAMS 0x0000000083a00000| PB 0x0000000083a00000| Untracked 
|  59|0x0000000083b00000, 0x0000000083c00000, 0x0000000083c00000|100%| O|  |TAMS 0x0000000083b00000| PB 0x0000000083b00000| Untracked 
|  60|0x0000000083c00000, 0x0000000083d00000, 0x0000000083d00000|100%| O|  |TAMS 0x0000000083c00000| PB 0x0000000083c00000| Untracked 
|  61|0x0000000083d00000, 0x0000000083e00000, 0x0000000083e00000|100%| O|  |TAMS 0x0000000083d00000| PB 0x0000000083d00000| Untracked 
|  62|0x0000000083e00000, 0x0000000083f00000, 0x0000000083f00000|100%| O|  |TAMS 0x0000000083e00000| PB 0x0000000083e00000| Untracked 
|  63|0x0000000083f00000, 0x0000000084000000, 0x0000000084000000|100%| O|  |TAMS 0x0000000083f00000| PB 0x0000000083f00000| Untracked 
|  64|0x0000000084000000, 0x0000000084100000, 0x0000000084100000|100%| O|  |TAMS 0x0000000084000000| PB 0x0000000084000000| Untracked 
|  65|0x0000000084100000, 0x0000000084200000, 0x0000000084200000|100%| O|  |TAMS 0x0000000084100000| PB 0x0000000084100000| Untracked 
|  66|0x0000000084200000, 0x0000000084300000, 0x0000000084300000|100%| O|  |TAMS 0x0000000084200000| PB 0x0000000084200000| Untracked 
|  67|0x0000000084300000, 0x0000000084400000, 0x0000000084400000|100%|HS|  |TAMS 0x0000000084300000| PB 0x0000000084300000| Complete 
|  68|0x0000000084400000, 0x0000000084500000, 0x0000000084500000|100%| O|  |TAMS 0x0000000084400000| PB 0x0000000084400000| Untracked 
|  69|0x0000000084500000, 0x0000000084600000, 0x0000000084600000|100%| O|  |TAMS 0x0000000084500000| PB 0x0000000084500000| Untracked 
|  70|0x0000000084600000, 0x0000000084700000, 0x0000000084700000|100%| O|  |TAMS 0x0000000084600000| PB 0x0000000084600000| Untracked 
|  71|0x0000000084700000, 0x0000000084800000, 0x0000000084800000|100%| O|  |TAMS 0x0000000084700000| PB 0x0000000084700000| Untracked 
|  72|0x0000000084800000, 0x0000000084900000, 0x0000000084900000|100%| O|  |TAMS 0x0000000084800000| PB 0x0000000084800000| Untracked 
|  73|0x0000000084900000, 0x0000000084a00000, 0x0000000084a00000|100%| O|  |TAMS 0x0000000084900000| PB 0x0000000084900000| Untracked 
|  74|0x0000000084a00000, 0x0000000084b00000, 0x0000000084b00000|100%| O|  |TAMS 0x0000000084a00000| PB 0x0000000084a00000| Untracked 
|  75|0x0000000084b00000, 0x0000000084c00000, 0x0000000084c00000|100%| O|  |TAMS 0x0000000084b00000| PB 0x0000000084b00000| Untracked 
|  76|0x0000000084c00000, 0x0000000084d00000, 0x0000000084d00000|100%| O|  |TAMS 0x0000000084c00000| PB 0x0000000084c00000| Untracked 
|  77|0x0000000084d00000, 0x0000000084e00000, 0x0000000084e00000|100%| O|  |TAMS 0x0000000084d00000| PB 0x0000000084d00000| Untracked 
|  78|0x0000000084e00000, 0x0000000084f00000, 0x0000000084f00000|100%| O|  |TAMS 0x0000000084e00000| PB 0x0000000084e00000| Untracked 
|  79|0x0000000084f00000, 0x0000000085000000, 0x0000000085000000|100%| O|  |TAMS 0x0000000084f00000| PB 0x0000000084f00000| Untracked 
|  80|0x0000000085000000, 0x0000000085100000, 0x0000000085100000|100%| O|  |TAMS 0x0000000085000000| PB 0x0000000085000000| Untracked 
|  81|0x0000000085100000, 0x0000000085200000, 0x0000000085200000|100%| O|  |TAMS 0x0000000085100000| PB 0x0000000085100000| Untracked 
|  82|0x0000000085200000, 0x0000000085300000, 0x0000000085300000|100%| O|  |TAMS 0x0000000085200000| PB 0x0000000085200000| Untracked 
|  83|0x0000000085300000, 0x0000000085400000, 0x0000000085400000|100%| O|  |TAMS 0x0000000085300000| PB 0x0000000085300000| Untracked 
|  84|0x0000000085400000, 0x0000000085500000, 0x0000000085500000|100%| O|  |TAMS 0x0000000085400000| PB 0x0000000085400000| Untracked 
|  85|0x0000000085500000, 0x0000000085600000, 0x0000000085600000|100%| O|  |TAMS 0x0000000085500000| PB 0x0000000085500000| Untracked 
|  86|0x0000000085600000, 0x0000000085700000, 0x0000000085700000|100%| O|  |TAMS 0x0000000085600000| PB 0x0000000085600000| Untracked 
|  87|0x0000000085700000, 0x0000000085800000, 0x0000000085800000|100%| O|  |TAMS 0x0000000085700000| PB 0x0000000085700000| Untracked 
|  88|0x0000000085800000, 0x0000000085900000, 0x0000000085900000|100%| O|  |TAMS 0x0000000085800000| PB 0x0000000085800000| Untracked 
|  89|0x0000000085900000, 0x0000000085a00000, 0x0000000085a00000|100%| O|  |TAMS 0x0000000085900000| PB 0x0000000085900000| Untracked 
|  90|0x0000000085a00000, 0x0000000085b00000, 0x0000000085b00000|100%| O|  |TAMS 0x0000000085a00000| PB 0x0000000085a00000| Untracked 
|  91|0x0000000085b00000, 0x0000000085c00000, 0x0000000085c00000|100%| O|  |TAMS 0x0000000085b00000| PB 0x0000000085b00000| Untracked 
|  92|0x0000000085c00000, 0x0000000085d00000, 0x0000000085d00000|100%| O|  |TAMS 0x0000000085c00000| PB 0x0000000085c00000| Untracked 
|  93|0x0000000085d00000, 0x0000000085e00000, 0x0000000085e00000|100%| O|  |TAMS 0x0000000085d00000| PB 0x0000000085d00000| Untracked 
|  94|0x0000000085e00000, 0x0000000085f00000, 0x0000000085f00000|100%| O|  |TAMS 0x0000000085e00000| PB 0x0000000085e00000| Untracked 
|  95|0x0000000085f00000, 0x0000000086000000, 0x0000000086000000|100%| O|  |TAMS 0x0000000085f00000| PB 0x0000000085f00000| Untracked 
|  96|0x0000000086000000, 0x0000000086100000, 0x0000000086100000|100%| O|  |TAMS 0x0000000086000000| PB 0x0000000086000000| Untracked 
|  97|0x0000000086100000, 0x0000000086200000, 0x0000000086200000|100%| O|  |TAMS 0x0000000086100000| PB 0x0000000086100000| Untracked 
|  98|0x0000000086200000, 0x0000000086300000, 0x0000000086300000|100%| O|  |TAMS 0x0000000086200000| PB 0x0000000086200000| Untracked 
|  99|0x0000000086300000, 0x0000000086400000, 0x0000000086400000|100%| O|  |TAMS 0x0000000086300000| PB 0x0000000086300000| Untracked 
| 100|0x0000000086400000, 0x0000000086500000, 0x0000000086500000|100%| O|  |TAMS 0x0000000086400000| PB 0x0000000086400000| Untracked 
| 101|0x0000000086500000, 0x0000000086600000, 0x0000000086600000|100%| O|  |TAMS 0x0000000086500000| PB 0x0000000086500000| Untracked 
| 102|0x0000000086600000, 0x0000000086700000, 0x0000000086700000|100%| O|  |TAMS 0x0000000086600000| PB 0x0000000086600000| Untracked 
| 103|0x0000000086700000, 0x0000000086800000, 0x0000000086800000|100%| O|  |TAMS 0x0000000086700000| PB 0x0000000086700000| Untracked 
| 104|0x0000000086800000, 0x0000000086900000, 0x0000000086900000|100%| O|  |TAMS 0x0000000086800000| PB 0x0000000086800000| Untracked 
| 105|0x0000000086900000, 0x0000000086a00000, 0x0000000086a00000|100%| O|  |TAMS 0x0000000086900000| PB 0x0000000086900000| Untracked 
| 106|0x0000000086a00000, 0x0000000086b00000, 0x0000000086b00000|100%| O|  |TAMS 0x0000000086a00000| PB 0x0000000086a00000| Untracked 
| 107|0x0000000086b00000, 0x0000000086c00000, 0x0000000086c00000|100%| O|  |TAMS 0x0000000086b00000| PB 0x0000000086b00000| Untracked 
| 108|0x0000000086c00000, 0x0000000086d00000, 0x0000000086d00000|100%| O|  |TAMS 0x0000000086c00000| PB 0x0000000086c00000| Untracked 
| 109|0x0000000086d00000, 0x0000000086e00000, 0x0000000086e00000|100%| O|  |TAMS 0x0000000086d00000| PB 0x0000000086d00000| Untracked 
| 110|0x0000000086e00000, 0x0000000086f00000, 0x0000000086f00000|100%| O|  |TAMS 0x0000000086e00000| PB 0x0000000086e00000| Untracked 
| 111|0x0000000086f00000, 0x0000000087000000, 0x0000000087000000|100%| O|  |TAMS 0x0000000086f00000| PB 0x0000000086f00000| Untracked 
| 112|0x0000000087000000, 0x0000000087100000, 0x0000000087100000|100%| O|  |TAMS 0x0000000087000000| PB 0x0000000087000000| Untracked 
| 113|0x0000000087100000, 0x0000000087200000, 0x0000000087200000|100%| O|  |TAMS 0x0000000087100000| PB 0x0000000087100000| Untracked 
| 114|0x0000000087200000, 0x0000000087300000, 0x0000000087300000|100%| O|  |TAMS 0x0000000087200000| PB 0x0000000087200000| Untracked 
| 115|0x0000000087300000, 0x0000000087400000, 0x0000000087400000|100%| O|  |TAMS 0x0000000087300000| PB 0x0000000087300000| Untracked 
| 116|0x0000000087400000, 0x0000000087500000, 0x0000000087500000|100%| O|  |TAMS 0x0000000087400000| PB 0x0000000087400000| Untracked 
| 117|0x0000000087500000, 0x0000000087600000, 0x0000000087600000|100%| O|  |TAMS 0x0000000087500000| PB 0x0000000087500000| Untracked 
| 118|0x0000000087600000, 0x0000000087700000, 0x0000000087700000|100%| O|  |TAMS 0x0000000087600000| PB 0x0000000087600000| Untracked 
| 119|0x0000000087700000, 0x0000000087800000, 0x0000000087800000|100%| O|  |TAMS 0x0000000087700000| PB 0x0000000087700000| Untracked 
| 120|0x0000000087800000, 0x0000000087900000, 0x0000000087900000|100%| O|  |TAMS 0x0000000087800000| PB 0x0000000087800000| Untracked 
| 121|0x0000000087900000, 0x0000000087a00000, 0x0000000087a00000|100%|HS|  |TAMS 0x0000000087900000| PB 0x0000000087900000| Complete 
| 122|0x0000000087a00000, 0x0000000087b00000, 0x0000000087b00000|100%|HC|  |TAMS 0x0000000087a00000| PB 0x0000000087a00000| Complete 
| 123|0x0000000087b00000, 0x0000000087c00000, 0x0000000087c00000|100%|HS|  |TAMS 0x0000000087b00000| PB 0x0000000087b00000| Complete 
| 124|0x0000000087c00000, 0x0000000087d00000, 0x0000000087d00000|100%|HC|  |TAMS 0x0000000087c00000| PB 0x0000000087c00000| Complete 
| 125|0x0000000087d00000, 0x0000000087e00000, 0x0000000087e00000|100%|HC|  |TAMS 0x0000000087d00000| PB 0x0000000087d00000| Complete 
| 126|0x0000000087e00000, 0x0000000087f00000, 0x0000000087f00000|100%| O|  |TAMS 0x0000000087e00000| PB 0x0000000087e00000| Untracked 
| 127|0x0000000087f00000, 0x0000000088000000, 0x0000000088000000|100%| O|  |TAMS 0x0000000087f00000| PB 0x0000000087f00000| Untracked 
| 128|0x0000000088000000, 0x0000000088100000, 0x0000000088100000|100%| O|  |TAMS 0x0000000088000000| PB 0x0000000088000000| Untracked 
| 129|0x0000000088100000, 0x0000000088200000, 0x0000000088200000|100%| O|  |TAMS 0x0000000088100000| PB 0x0000000088100000| Untracked 
| 130|0x0000000088200000, 0x0000000088300000, 0x0000000088300000|100%| O|  |TAMS 0x0000000088200000| PB 0x0000000088200000| Untracked 
| 131|0x0000000088300000, 0x0000000088400000, 0x0000000088400000|100%|HS|  |TAMS 0x0000000088300000| PB 0x0000000088300000| Complete 
| 132|0x0000000088400000, 0x0000000088500000, 0x0000000088500000|100%|HC|  |TAMS 0x0000000088400000| PB 0x0000000088400000| Complete 
| 133|0x0000000088500000, 0x0000000088600000, 0x0000000088600000|100%| O|  |TAMS 0x0000000088500000| PB 0x0000000088500000| Untracked 
| 134|0x0000000088600000, 0x0000000088700000, 0x0000000088700000|100%| O|  |TAMS 0x0000000088600000| PB 0x0000000088600000| Untracked 
| 135|0x0000000088700000, 0x0000000088800000, 0x0000000088800000|100%| O|  |TAMS 0x0000000088700000| PB 0x0000000088700000| Untracked 
| 136|0x0000000088800000, 0x0000000088900000, 0x0000000088900000|100%| O|  |TAMS 0x0000000088800000| PB 0x0000000088800000| Untracked 
| 137|0x0000000088900000, 0x0000000088a00000, 0x0000000088a00000|100%| O|  |TAMS 0x0000000088900000| PB 0x0000000088900000| Untracked 
| 138|0x0000000088a00000, 0x0000000088b00000, 0x0000000088b00000|100%| O|  |TAMS 0x0000000088a00000| PB 0x0000000088a00000| Untracked 
| 139|0x0000000088b00000, 0x0000000088c00000, 0x0000000088c00000|100%| O|  |TAMS 0x0000000088b00000| PB 0x0000000088b00000| Untracked 
| 140|0x0000000088c00000, 0x0000000088d00000, 0x0000000088d00000|100%| O|  |TAMS 0x0000000088c00000| PB 0x0000000088c00000| Untracked 
| 141|0x0000000088d00000, 0x0000000088e00000, 0x0000000088e00000|100%| O|  |TAMS 0x0000000088d00000| PB 0x0000000088d00000| Untracked 
| 142|0x0000000088e00000, 0x0000000088f00000, 0x0000000088f00000|100%| O|  |TAMS 0x0000000088e00000| PB 0x0000000088e00000| Untracked 
| 143|0x0000000088f00000, 0x0000000089000000, 0x0000000089000000|100%| O|  |TAMS 0x0000000088f00000| PB 0x0000000088f00000| Untracked 
| 144|0x0000000089000000, 0x0000000089100000, 0x0000000089100000|100%| O|  |TAMS 0x0000000089000000| PB 0x0000000089000000| Untracked 
| 145|0x0000000089100000, 0x0000000089200000, 0x0000000089200000|100%| O|  |TAMS 0x0000000089100000| PB 0x0000000089100000| Untracked 
| 146|0x0000000089200000, 0x0000000089300000, 0x0000000089300000|100%| O|  |TAMS 0x0000000089200000| PB 0x0000000089200000| Untracked 
| 147|0x0000000089300000, 0x0000000089400000, 0x0000000089400000|100%|HS|  |TAMS 0x0000000089300000| PB 0x0000000089300000| Complete 
| 148|0x0000000089400000, 0x0000000089500000, 0x0000000089500000|100%|HC|  |TAMS 0x0000000089400000| PB 0x0000000089400000| Complete 
| 149|0x0000000089500000, 0x0000000089600000, 0x0000000089600000|100%| O|  |TAMS 0x0000000089500000| PB 0x0000000089500000| Untracked 
| 150|0x0000000089600000, 0x0000000089700000, 0x0000000089700000|100%| O|  |TAMS 0x0000000089600000| PB 0x0000000089600000| Untracked 
| 151|0x0000000089700000, 0x0000000089800000, 0x0000000089800000|100%| O|  |TAMS 0x0000000089700000| PB 0x0000000089700000| Untracked 
| 152|0x0000000089800000, 0x0000000089900000, 0x0000000089900000|100%| O|  |TAMS 0x0000000089800000| PB 0x0000000089800000| Untracked 
| 153|0x0000000089900000, 0x0000000089a00000, 0x0000000089a00000|100%| O|  |TAMS 0x0000000089900000| PB 0x0000000089900000| Untracked 
| 154|0x0000000089a00000, 0x0000000089b00000, 0x0000000089b00000|100%| O|  |TAMS 0x0000000089a00000| PB 0x0000000089a00000| Untracked 
| 155|0x0000000089b00000, 0x0000000089c00000, 0x0000000089c00000|100%| O|  |TAMS 0x0000000089b00000| PB 0x0000000089b00000| Untracked 
| 156|0x0000000089c00000, 0x0000000089d00000, 0x0000000089d00000|100%| O|  |TAMS 0x0000000089c00000| PB 0x0000000089c00000| Untracked 
| 157|0x0000000089d00000, 0x0000000089e00000, 0x0000000089e00000|100%| O|  |TAMS 0x0000000089d00000| PB 0x0000000089d00000| Untracked 
| 158|0x0000000089e00000, 0x0000000089f00000, 0x0000000089f00000|100%| O|  |TAMS 0x0000000089e00000| PB 0x0000000089e00000| Untracked 
| 159|0x0000000089f00000, 0x000000008a000000, 0x000000008a000000|100%| O|  |TAMS 0x0000000089f00000| PB 0x0000000089f00000| Untracked 
| 160|0x000000008a000000, 0x000000008a100000, 0x000000008a100000|100%| O|  |TAMS 0x000000008a000000| PB 0x000000008a000000| Untracked 
| 161|0x000000008a100000, 0x000000008a200000, 0x000000008a200000|100%| O|  |TAMS 0x000000008a100000| PB 0x000000008a100000| Untracked 
| 162|0x000000008a200000, 0x000000008a300000, 0x000000008a300000|100%| O|  |TAMS 0x000000008a200000| PB 0x000000008a200000| Untracked 
| 163|0x000000008a300000, 0x000000008a400000, 0x000000008a400000|100%| O|  |TAMS 0x000000008a300000| PB 0x000000008a300000| Untracked 
| 164|0x000000008a400000, 0x000000008a500000, 0x000000008a500000|100%| O|  |TAMS 0x000000008a400000| PB 0x000000008a400000| Untracked 
| 165|0x000000008a500000, 0x000000008a600000, 0x000000008a600000|100%| O|  |TAMS 0x000000008a500000| PB 0x000000008a500000| Untracked 
| 166|0x000000008a600000, 0x000000008a700000, 0x000000008a700000|100%| O|  |TAMS 0x000000008a600000| PB 0x000000008a600000| Untracked 
| 167|0x000000008a700000, 0x000000008a800000, 0x000000008a800000|100%| O|  |TAMS 0x000000008a700000| PB 0x000000008a700000| Untracked 
| 168|0x000000008a800000, 0x000000008a900000, 0x000000008a900000|100%| O|  |TAMS 0x000000008a800000| PB 0x000000008a800000| Untracked 
| 169|0x000000008a900000, 0x000000008aa00000, 0x000000008aa00000|100%| O|  |TAMS 0x000000008a900000| PB 0x000000008a900000| Untracked 
| 170|0x000000008aa00000, 0x000000008ab00000, 0x000000008ab00000|100%| O|Cm|TAMS 0x000000008aa00000| PB 0x000000008aa00000| Complete 
| 171|0x000000008ab00000, 0x000000008ac00000, 0x000000008ac00000|100%| O|  |TAMS 0x000000008ab00000| PB 0x000000008ab00000| Untracked 
| 172|0x000000008ac00000, 0x000000008ad00000, 0x000000008ad00000|100%| O|  |TAMS 0x000000008ac00000| PB 0x000000008ac00000| Untracked 
| 173|0x000000008ad00000, 0x000000008ae00000, 0x000000008ae00000|100%| O|Cm|TAMS 0x000000008ad00000| PB 0x000000008ad00000| Complete 
| 174|0x000000008ae00000, 0x000000008af00000, 0x000000008af00000|100%| O|  |TAMS 0x000000008ae00000| PB 0x000000008ae00000| Untracked 
| 175|0x000000008af00000, 0x000000008b000000, 0x000000008b000000|100%| O|  |TAMS 0x000000008af00000| PB 0x000000008af00000| Untracked 
| 176|0x000000008b000000, 0x000000008b100000, 0x000000008b100000|100%| O|  |TAMS 0x000000008b000000| PB 0x000000008b000000| Untracked 
| 177|0x000000008b100000, 0x000000008b200000, 0x000000008b200000|100%| O|  |TAMS 0x000000008b100000| PB 0x000000008b100000| Untracked 
| 178|0x000000008b200000, 0x000000008b300000, 0x000000008b300000|100%| O|  |TAMS 0x000000008b200000| PB 0x000000008b200000| Untracked 
| 179|0x000000008b300000, 0x000000008b400000, 0x000000008b400000|100%| O|  |TAMS 0x000000008b300000| PB 0x000000008b300000| Untracked 
| 180|0x000000008b400000, 0x000000008b500000, 0x000000008b500000|100%| O|  |TAMS 0x000000008b400000| PB 0x000000008b400000| Untracked 
| 181|0x000000008b500000, 0x000000008b600000, 0x000000008b600000|100%| O|  |TAMS 0x000000008b500000| PB 0x000000008b500000| Untracked 
| 182|0x000000008b600000, 0x000000008b700000, 0x000000008b700000|100%| O|  |TAMS 0x000000008b600000| PB 0x000000008b600000| Untracked 
| 183|0x000000008b700000, 0x000000008b800000, 0x000000008b800000|100%| O|  |TAMS 0x000000008b700000| PB 0x000000008b700000| Untracked 
| 184|0x000000008b800000, 0x000000008b900000, 0x000000008b900000|100%| O|  |TAMS 0x000000008b800000| PB 0x000000008b800000| Untracked 
| 185|0x000000008b900000, 0x000000008ba00000, 0x000000008ba00000|100%| O|  |TAMS 0x000000008b900000| PB 0x000000008b900000| Untracked 
| 186|0x000000008ba00000, 0x000000008bb00000, 0x000000008bb00000|100%| O|  |TAMS 0x000000008ba00000| PB 0x000000008ba00000| Untracked 
| 187|0x000000008bb00000, 0x000000008bc00000, 0x000000008bc00000|100%| O|  |TAMS 0x000000008bb00000| PB 0x000000008bb00000| Untracked 
| 188|0x000000008bc00000, 0x000000008bd00000, 0x000000008bd00000|100%| O|  |TAMS 0x000000008bc00000| PB 0x000000008bc00000| Untracked 
| 189|0x000000008bd00000, 0x000000008be00000, 0x000000008be00000|100%| O|  |TAMS 0x000000008bd00000| PB 0x000000008bd00000| Untracked 
| 190|0x000000008be00000, 0x000000008bf00000, 0x000000008bf00000|100%| O|  |TAMS 0x000000008be00000| PB 0x000000008be00000| Untracked 
| 191|0x000000008bf00000, 0x000000008c000000, 0x000000008c000000|100%| O|  |TAMS 0x000000008bf00000| PB 0x000000008bf00000| Untracked 
| 192|0x000000008c000000, 0x000000008c100000, 0x000000008c100000|100%| O|  |TAMS 0x000000008c000000| PB 0x000000008c000000| Untracked 
| 193|0x000000008c100000, 0x000000008c200000, 0x000000008c200000|100%| O|  |TAMS 0x000000008c100000| PB 0x000000008c100000| Untracked 
| 194|0x000000008c200000, 0x000000008c300000, 0x000000008c300000|100%| O|  |TAMS 0x000000008c200000| PB 0x000000008c200000| Untracked 
| 195|0x000000008c300000, 0x000000008c400000, 0x000000008c400000|100%| O|  |TAMS 0x000000008c300000| PB 0x000000008c300000| Untracked 
| 196|0x000000008c400000, 0x000000008c500000, 0x000000008c500000|100%| O|  |TAMS 0x000000008c400000| PB 0x000000008c400000| Untracked 
| 197|0x000000008c500000, 0x000000008c600000, 0x000000008c600000|100%| O|  |TAMS 0x000000008c500000| PB 0x000000008c500000| Untracked 
| 198|0x000000008c600000, 0x000000008c700000, 0x000000008c700000|100%| O|  |TAMS 0x000000008c600000| PB 0x000000008c600000| Untracked 
| 199|0x000000008c700000, 0x000000008c800000, 0x000000008c800000|100%| O|  |TAMS 0x000000008c700000| PB 0x000000008c700000| Untracked 
| 200|0x000000008c800000, 0x000000008c900000, 0x000000008c900000|100%| O|  |TAMS 0x000000008c800000| PB 0x000000008c800000| Untracked 
| 201|0x000000008c900000, 0x000000008ca00000, 0x000000008ca00000|100%|HS|  |TAMS 0x000000008c900000| PB 0x000000008c900000| Complete 
| 202|0x000000008ca00000, 0x000000008cb00000, 0x000000008cb00000|100%| O|  |TAMS 0x000000008ca00000| PB 0x000000008ca00000| Untracked 
| 203|0x000000008cb00000, 0x000000008cc00000, 0x000000008cc00000|100%|HS|  |TAMS 0x000000008cb00000| PB 0x000000008cb00000| Complete 
| 204|0x000000008cc00000, 0x000000008cd00000, 0x000000008cd00000|100%| O|  |TAMS 0x000000008cc00000| PB 0x000000008cc00000| Untracked 
| 205|0x000000008cd00000, 0x000000008ce00000, 0x000000008ce00000|100%| O|  |TAMS 0x000000008cd00000| PB 0x000000008cd00000| Untracked 
| 206|0x000000008ce00000, 0x000000008cf00000, 0x000000008cf00000|100%| O|  |TAMS 0x000000008ce00000| PB 0x000000008ce00000| Untracked 
| 207|0x000000008cf00000, 0x000000008d000000, 0x000000008d000000|100%| O|  |TAMS 0x000000008cf00000| PB 0x000000008cf00000| Untracked 
| 208|0x000000008d000000, 0x000000008d100000, 0x000000008d100000|100%| O|  |TAMS 0x000000008d000000| PB 0x000000008d000000| Untracked 
| 209|0x000000008d100000, 0x000000008d200000, 0x000000008d200000|100%| O|  |TAMS 0x000000008d100000| PB 0x000000008d100000| Untracked 
| 210|0x000000008d200000, 0x000000008d300000, 0x000000008d300000|100%| O|  |TAMS 0x000000008d200000| PB 0x000000008d200000| Untracked 
| 211|0x000000008d300000, 0x000000008d400000, 0x000000008d400000|100%| O|  |TAMS 0x000000008d300000| PB 0x000000008d300000| Untracked 
| 212|0x000000008d400000, 0x000000008d500000, 0x000000008d500000|100%| O|  |TAMS 0x000000008d400000| PB 0x000000008d400000| Untracked 
| 213|0x000000008d500000, 0x000000008d600000, 0x000000008d600000|100%| O|  |TAMS 0x000000008d500000| PB 0x000000008d500000| Untracked 
| 214|0x000000008d600000, 0x000000008d700000, 0x000000008d700000|100%| O|  |TAMS 0x000000008d600000| PB 0x000000008d600000| Untracked 
| 215|0x000000008d700000, 0x000000008d800000, 0x000000008d800000|100%| O|  |TAMS 0x000000008d700000| PB 0x000000008d700000| Untracked 
| 216|0x000000008d800000, 0x000000008d900000, 0x000000008d900000|100%| O|  |TAMS 0x000000008d800000| PB 0x000000008d800000| Untracked 
| 217|0x000000008d900000, 0x000000008da00000, 0x000000008da00000|100%| O|  |TAMS 0x000000008d900000| PB 0x000000008d900000| Untracked 
| 218|0x000000008da00000, 0x000000008db00000, 0x000000008db00000|100%| O|  |TAMS 0x000000008da00000| PB 0x000000008da00000| Untracked 
| 219|0x000000008db00000, 0x000000008dc00000, 0x000000008dc00000|100%| O|  |TAMS 0x000000008db00000| PB 0x000000008db00000| Untracked 
| 220|0x000000008dc00000, 0x000000008dd00000, 0x000000008dd00000|100%| O|  |TAMS 0x000000008dc00000| PB 0x000000008dc00000| Untracked 
| 221|0x000000008dd00000, 0x000000008de00000, 0x000000008de00000|100%| O|  |TAMS 0x000000008dd00000| PB 0x000000008dd00000| Untracked 
| 222|0x000000008de00000, 0x000000008df00000, 0x000000008df00000|100%| O|  |TAMS 0x000000008de00000| PB 0x000000008de00000| Untracked 
| 223|0x000000008df00000, 0x000000008e000000, 0x000000008e000000|100%| O|Cm|TAMS 0x000000008df00000| PB 0x000000008df00000| Complete 
| 224|0x000000008e000000, 0x000000008e100000, 0x000000008e100000|100%| O|Cm|TAMS 0x000000008e000000| PB 0x000000008e000000| Complete 
| 225|0x000000008e100000, 0x000000008e200000, 0x000000008e200000|100%| O|Cm|TAMS 0x000000008e100000| PB 0x000000008e100000| Complete 
| 226|0x000000008e200000, 0x000000008e300000, 0x000000008e300000|100%| O|  |TAMS 0x000000008e200000| PB 0x000000008e200000| Untracked 
| 227|0x000000008e300000, 0x000000008e400000, 0x000000008e400000|100%| O|  |TAMS 0x000000008e300000| PB 0x000000008e300000| Untracked 
| 228|0x000000008e400000, 0x000000008e500000, 0x000000008e500000|100%| O|  |TAMS 0x000000008e400000| PB 0x000000008e400000| Untracked 
| 229|0x000000008e500000, 0x000000008e600000, 0x000000008e600000|100%| O|  |TAMS 0x000000008e500000| PB 0x000000008e500000| Untracked 
| 230|0x000000008e600000, 0x000000008e700000, 0x000000008e700000|100%| O|  |TAMS 0x000000008e600000| PB 0x000000008e600000| Untracked 
| 231|0x000000008e700000, 0x000000008e800000, 0x000000008e800000|100%| O|  |TAMS 0x000000008e700000| PB 0x000000008e700000| Untracked 
| 232|0x000000008e800000, 0x000000008e900000, 0x000000008e900000|100%| O|  |TAMS 0x000000008e800000| PB 0x000000008e800000| Untracked 
| 233|0x000000008e900000, 0x000000008ea00000, 0x000000008ea00000|100%| O|  |TAMS 0x000000008e900000| PB 0x000000008e900000| Untracked 
| 234|0x000000008ea00000, 0x000000008eb00000, 0x000000008eb00000|100%| O|  |TAMS 0x000000008ea00000| PB 0x000000008ea00000| Untracked 
| 235|0x000000008eb00000, 0x000000008ec00000, 0x000000008ec00000|100%| O|  |TAMS 0x000000008eb00000| PB 0x000000008eb00000| Untracked 
| 236|0x000000008ec00000, 0x000000008ed00000, 0x000000008ed00000|100%| O|  |TAMS 0x000000008ec00000| PB 0x000000008ec00000| Untracked 
| 237|0x000000008ed00000, 0x000000008ee00000, 0x000000008ee00000|100%| O|  |TAMS 0x000000008ed00000| PB 0x000000008ed00000| Untracked 
| 238|0x000000008ee00000, 0x000000008ef00000, 0x000000008ef00000|100%| O|  |TAMS 0x000000008ee00000| PB 0x000000008ee00000| Untracked 
| 239|0x000000008ef00000, 0x000000008f000000, 0x000000008f000000|100%| O|  |TAMS 0x000000008ef00000| PB 0x000000008ef00000| Untracked 
| 240|0x000000008f000000, 0x000000008f100000, 0x000000008f100000|100%| O|  |TAMS 0x000000008f000000| PB 0x000000008f000000| Untracked 
| 241|0x000000008f100000, 0x000000008f200000, 0x000000008f200000|100%| O|  |TAMS 0x000000008f100000| PB 0x000000008f100000| Untracked 
| 242|0x000000008f200000, 0x000000008f300000, 0x000000008f300000|100%| O|  |TAMS 0x000000008f200000| PB 0x000000008f200000| Untracked 
| 243|0x000000008f300000, 0x000000008f400000, 0x000000008f400000|100%| O|  |TAMS 0x000000008f300000| PB 0x000000008f300000| Untracked 
| 244|0x000000008f400000, 0x000000008f500000, 0x000000008f500000|100%| O|  |TAMS 0x000000008f400000| PB 0x000000008f400000| Untracked 
| 245|0x000000008f500000, 0x000000008f600000, 0x000000008f600000|100%| O|  |TAMS 0x000000008f500000| PB 0x000000008f500000| Untracked 
| 246|0x000000008f600000, 0x000000008f700000, 0x000000008f700000|100%| O|  |TAMS 0x000000008f600000| PB 0x000000008f600000| Untracked 
| 247|0x000000008f700000, 0x000000008f800000, 0x000000008f800000|100%| O|  |TAMS 0x000000008f700000| PB 0x000000008f700000| Untracked 
| 248|0x000000008f800000, 0x000000008f900000, 0x000000008f900000|100%| O|  |TAMS 0x000000008f800000| PB 0x000000008f800000| Untracked 
| 249|0x000000008f900000, 0x000000008fa00000, 0x000000008fa00000|100%| O|Cm|TAMS 0x000000008f900000| PB 0x000000008f900000| Complete 
| 250|0x000000008fa00000, 0x000000008fb00000, 0x000000008fb00000|100%| O|Cm|TAMS 0x000000008fa00000| PB 0x000000008fa00000| Complete 
| 251|0x000000008fb00000, 0x000000008fc00000, 0x000000008fc00000|100%| O|  |TAMS 0x000000008fb00000| PB 0x000000008fb00000| Untracked 
| 252|0x000000008fc00000, 0x000000008fd00000, 0x000000008fd00000|100%| O|  |TAMS 0x000000008fc00000| PB 0x000000008fc00000| Untracked 
| 253|0x000000008fd00000, 0x000000008fe00000, 0x000000008fe00000|100%| O|  |TAMS 0x000000008fd00000| PB 0x000000008fd00000| Untracked 
| 254|0x000000008fe00000, 0x000000008ff00000, 0x000000008ff00000|100%| O|  |TAMS 0x000000008fe00000| PB 0x000000008fe00000| Untracked 
| 255|0x000000008ff00000, 0x0000000090000000, 0x0000000090000000|100%| O|  |TAMS 0x000000008ff00000| PB 0x000000008ff00000| Untracked 
| 256|0x0000000090000000, 0x0000000090100000, 0x0000000090100000|100%| O|  |TAMS 0x0000000090000000| PB 0x0000000090000000| Untracked 
| 257|0x0000000090100000, 0x0000000090200000, 0x0000000090200000|100%| O|  |TAMS 0x0000000090100000| PB 0x0000000090100000| Untracked 
| 258|0x0000000090200000, 0x0000000090300000, 0x0000000090300000|100%| O|  |TAMS 0x0000000090200000| PB 0x0000000090200000| Untracked 
| 259|0x0000000090300000, 0x0000000090400000, 0x0000000090400000|100%| O|  |TAMS 0x0000000090300000| PB 0x0000000090300000| Untracked 
| 260|0x0000000090400000, 0x0000000090500000, 0x0000000090500000|100%| O|  |TAMS 0x0000000090400000| PB 0x0000000090400000| Untracked 
| 261|0x0000000090500000, 0x0000000090600000, 0x0000000090600000|100%| O|  |TAMS 0x0000000090500000| PB 0x0000000090500000| Untracked 
| 262|0x0000000090600000, 0x0000000090700000, 0x0000000090700000|100%| O|  |TAMS 0x0000000090600000| PB 0x0000000090600000| Untracked 
| 263|0x0000000090700000, 0x0000000090800000, 0x0000000090800000|100%| O|  |TAMS 0x0000000090700000| PB 0x0000000090700000| Untracked 
| 264|0x0000000090800000, 0x0000000090900000, 0x0000000090900000|100%| O|  |TAMS 0x0000000090800000| PB 0x0000000090800000| Untracked 
| 265|0x0000000090900000, 0x0000000090a00000, 0x0000000090a00000|100%| O|Cm|TAMS 0x0000000090900000| PB 0x0000000090900000| Complete 
| 266|0x0000000090a00000, 0x0000000090b00000, 0x0000000090b00000|100%| O|  |TAMS 0x0000000090a00000| PB 0x0000000090a00000| Untracked 
| 267|0x0000000090b00000, 0x0000000090c00000, 0x0000000090c00000|100%| O|  |TAMS 0x0000000090b00000| PB 0x0000000090b00000| Untracked 
| 268|0x0000000090c00000, 0x0000000090d00000, 0x0000000090d00000|100%| O|  |TAMS 0x0000000090c00000| PB 0x0000000090c00000| Untracked 
| 269|0x0000000090d00000, 0x0000000090e00000, 0x0000000090e00000|100%| O|  |TAMS 0x0000000090d00000| PB 0x0000000090d00000| Untracked 
| 270|0x0000000090e00000, 0x0000000090f00000, 0x0000000090f00000|100%| O|  |TAMS 0x0000000090e00000| PB 0x0000000090e00000| Untracked 
| 271|0x0000000090f00000, 0x0000000091000000, 0x0000000091000000|100%| O|  |TAMS 0x0000000090f00000| PB 0x0000000090f00000| Untracked 
| 272|0x0000000091000000, 0x0000000091100000, 0x0000000091100000|100%| O|  |TAMS 0x0000000091000000| PB 0x0000000091000000| Untracked 
| 273|0x0000000091100000, 0x0000000091200000, 0x0000000091200000|100%| O|  |TAMS 0x0000000091100000| PB 0x0000000091100000| Untracked 
| 274|0x0000000091200000, 0x0000000091300000, 0x0000000091300000|100%| O|  |TAMS 0x0000000091200000| PB 0x0000000091200000| Untracked 
| 275|0x0000000091300000, 0x0000000091400000, 0x0000000091400000|100%| O|  |TAMS 0x0000000091300000| PB 0x0000000091300000| Untracked 
| 276|0x0000000091400000, 0x0000000091500000, 0x0000000091500000|100%| O|  |TAMS 0x0000000091400000| PB 0x0000000091400000| Untracked 
| 277|0x0000000091500000, 0x0000000091600000, 0x0000000091600000|100%| O|  |TAMS 0x0000000091500000| PB 0x0000000091500000| Untracked 
| 278|0x0000000091600000, 0x0000000091700000, 0x0000000091700000|100%| O|  |TAMS 0x0000000091600000| PB 0x0000000091600000| Untracked 
| 279|0x0000000091700000, 0x0000000091800000, 0x0000000091800000|100%| O|  |TAMS 0x0000000091700000| PB 0x0000000091700000| Untracked 
| 280|0x0000000091800000, 0x0000000091900000, 0x0000000091900000|100%| O|  |TAMS 0x0000000091800000| PB 0x0000000091800000| Untracked 
| 281|0x0000000091900000, 0x0000000091a00000, 0x0000000091a00000|100%| O|  |TAMS 0x0000000091900000| PB 0x0000000091900000| Untracked 
| 282|0x0000000091a00000, 0x0000000091b00000, 0x0000000091b00000|100%| O|  |TAMS 0x0000000091a00000| PB 0x0000000091a00000| Untracked 
| 283|0x0000000091b00000, 0x0000000091c00000, 0x0000000091c00000|100%| O|  |TAMS 0x0000000091b00000| PB 0x0000000091b00000| Untracked 
| 284|0x0000000091c00000, 0x0000000091d00000, 0x0000000091d00000|100%| O|  |TAMS 0x0000000091c00000| PB 0x0000000091c00000| Untracked 
| 285|0x0000000091d00000, 0x0000000091e00000, 0x0000000091e00000|100%| O|  |TAMS 0x0000000091d00000| PB 0x0000000091d00000| Untracked 
| 286|0x0000000091e00000, 0x0000000091f00000, 0x0000000091f00000|100%| O|  |TAMS 0x0000000091e00000| PB 0x0000000091e00000| Untracked 
| 287|0x0000000091f00000, 0x0000000092000000, 0x0000000092000000|100%| O|  |TAMS 0x0000000091f00000| PB 0x0000000091f00000| Untracked 
| 288|0x0000000092000000, 0x0000000092100000, 0x0000000092100000|100%| O|  |TAMS 0x0000000092000000| PB 0x0000000092000000| Untracked 
| 289|0x0000000092100000, 0x0000000092200000, 0x0000000092200000|100%| O|  |TAMS 0x0000000092100000| PB 0x0000000092100000| Untracked 
| 290|0x0000000092200000, 0x0000000092300000, 0x0000000092300000|100%| O|  |TAMS 0x0000000092200000| PB 0x0000000092200000| Untracked 
| 291|0x0000000092300000, 0x0000000092400000, 0x0000000092400000|100%| O|  |TAMS 0x0000000092300000| PB 0x0000000092300000| Untracked 
| 292|0x0000000092400000, 0x0000000092500000, 0x0000000092500000|100%| O|  |TAMS 0x0000000092400000| PB 0x0000000092400000| Untracked 
| 293|0x0000000092500000, 0x0000000092600000, 0x0000000092600000|100%| O|  |TAMS 0x0000000092500000| PB 0x0000000092500000| Untracked 
| 294|0x0000000092600000, 0x0000000092700000, 0x0000000092700000|100%| O|  |TAMS 0x0000000092600000| PB 0x0000000092600000| Untracked 
| 295|0x0000000092700000, 0x00000000927a5188, 0x0000000092800000| 64%| O|  |TAMS 0x0000000092700000| PB 0x0000000092700000| Untracked 
| 296|0x0000000092800000, 0x0000000092800000, 0x0000000092900000|  0%| F|  |TAMS 0x0000000092800000| PB 0x0000000092800000| Untracked 
| 297|0x0000000092900000, 0x0000000092900000, 0x0000000092a00000|  0%| F|  |TAMS 0x0000000092900000| PB 0x0000000092900000| Untracked 
| 298|0x0000000092a00000, 0x0000000092a00000, 0x0000000092b00000|  0%| F|  |TAMS 0x0000000092a00000| PB 0x0000000092a00000| Untracked 
| 299|0x0000000092b00000, 0x0000000092b00000, 0x0000000092c00000|  0%| F|  |TAMS 0x0000000092b00000| PB 0x0000000092b00000| Untracked 
| 300|0x0000000092c00000, 0x0000000092c00000, 0x0000000092d00000|  0%| F|  |TAMS 0x0000000092c00000| PB 0x0000000092c00000| Untracked 
| 301|0x0000000092d00000, 0x0000000092d00000, 0x0000000092e00000|  0%| F|  |TAMS 0x0000000092d00000| PB 0x0000000092d00000| Untracked 
| 302|0x0000000092e00000, 0x0000000092e00000, 0x0000000092f00000|  0%| F|  |TAMS 0x0000000092e00000| PB 0x0000000092e00000| Untracked 
| 303|0x0000000092f00000, 0x0000000092f00000, 0x0000000093000000|  0%| F|  |TAMS 0x0000000092f00000| PB 0x0000000092f00000| Untracked 
| 304|0x0000000093000000, 0x0000000093000000, 0x0000000093100000|  0%| F|  |TAMS 0x0000000093000000| PB 0x0000000093000000| Untracked 
| 305|0x0000000093100000, 0x0000000093100000, 0x0000000093200000|  0%| F|  |TAMS 0x0000000093100000| PB 0x0000000093100000| Untracked 
| 306|0x0000000093200000, 0x0000000093200000, 0x0000000093300000|  0%| F|  |TAMS 0x0000000093200000| PB 0x0000000093200000| Untracked 
| 307|0x0000000093300000, 0x0000000093300000, 0x0000000093400000|  0%| F|  |TAMS 0x0000000093300000| PB 0x0000000093300000| Untracked 
| 308|0x0000000093400000, 0x0000000093400000, 0x0000000093500000|  0%| F|  |TAMS 0x0000000093400000| PB 0x0000000093400000| Untracked 
| 309|0x0000000093500000, 0x0000000093500000, 0x0000000093600000|  0%| F|  |TAMS 0x0000000093500000| PB 0x0000000093500000| Untracked 
| 310|0x0000000093600000, 0x0000000093600000, 0x0000000093700000|  0%| F|  |TAMS 0x0000000093600000| PB 0x0000000093600000| Untracked 
| 311|0x0000000093700000, 0x0000000093700000, 0x0000000093800000|  0%| F|  |TAMS 0x0000000093700000| PB 0x0000000093700000| Untracked 
| 312|0x0000000093800000, 0x0000000093800000, 0x0000000093900000|  0%| F|  |TAMS 0x0000000093800000| PB 0x0000000093800000| Untracked 
| 313|0x0000000093900000, 0x0000000093900000, 0x0000000093a00000|  0%| F|  |TAMS 0x0000000093900000| PB 0x0000000093900000| Untracked 
| 314|0x0000000093a00000, 0x0000000093a00000, 0x0000000093b00000|  0%| F|  |TAMS 0x0000000093a00000| PB 0x0000000093a00000| Untracked 
| 315|0x0000000093b00000, 0x0000000093b00000, 0x0000000093c00000|  0%| F|  |TAMS 0x0000000093b00000| PB 0x0000000093b00000| Untracked 
| 316|0x0000000093c00000, 0x0000000093c00000, 0x0000000093d00000|  0%| F|  |TAMS 0x0000000093c00000| PB 0x0000000093c00000| Untracked 
| 317|0x0000000093d00000, 0x0000000093d00000, 0x0000000093e00000|  0%| F|  |TAMS 0x0000000093d00000| PB 0x0000000093d00000| Untracked 
| 318|0x0000000093e00000, 0x0000000093e00000, 0x0000000093f00000|  0%| F|  |TAMS 0x0000000093e00000| PB 0x0000000093e00000| Untracked 
| 319|0x0000000093f00000, 0x0000000093f00000, 0x0000000094000000|  0%| F|  |TAMS 0x0000000093f00000| PB 0x0000000093f00000| Untracked 
| 320|0x0000000094000000, 0x0000000094000000, 0x0000000094100000|  0%| F|  |TAMS 0x0000000094000000| PB 0x0000000094000000| Untracked 
| 321|0x0000000094100000, 0x0000000094100000, 0x0000000094200000|  0%| F|  |TAMS 0x0000000094100000| PB 0x0000000094100000| Untracked 
| 322|0x0000000094200000, 0x0000000094200000, 0x0000000094300000|  0%| F|  |TAMS 0x0000000094200000| PB 0x0000000094200000| Untracked 
| 323|0x0000000094300000, 0x0000000094300000, 0x0000000094400000|  0%| F|  |TAMS 0x0000000094300000| PB 0x0000000094300000| Untracked 
| 324|0x0000000094400000, 0x0000000094400000, 0x0000000094500000|  0%| F|  |TAMS 0x0000000094400000| PB 0x0000000094400000| Untracked 
| 325|0x0000000094500000, 0x0000000094500000, 0x0000000094600000|  0%| F|  |TAMS 0x0000000094500000| PB 0x0000000094500000| Untracked 
| 326|0x0000000094600000, 0x0000000094600000, 0x0000000094700000|  0%| F|  |TAMS 0x0000000094600000| PB 0x0000000094600000| Untracked 
| 327|0x0000000094700000, 0x0000000094700000, 0x0000000094800000|  0%| F|  |TAMS 0x0000000094700000| PB 0x0000000094700000| Untracked 
| 328|0x0000000094800000, 0x0000000094800000, 0x0000000094900000|  0%| F|  |TAMS 0x0000000094800000| PB 0x0000000094800000| Untracked 
| 329|0x0000000094900000, 0x0000000094900000, 0x0000000094a00000|  0%| F|  |TAMS 0x0000000094900000| PB 0x0000000094900000| Untracked 
| 330|0x0000000094a00000, 0x0000000094a00000, 0x0000000094b00000|  0%| F|  |TAMS 0x0000000094a00000| PB 0x0000000094a00000| Untracked 
| 331|0x0000000094b00000, 0x0000000094b00000, 0x0000000094c00000|  0%| F|  |TAMS 0x0000000094b00000| PB 0x0000000094b00000| Untracked 
| 332|0x0000000094c00000, 0x0000000094c00000, 0x0000000094d00000|  0%| F|  |TAMS 0x0000000094c00000| PB 0x0000000094c00000| Untracked 
| 333|0x0000000094d00000, 0x0000000094d00000, 0x0000000094e00000|  0%| F|  |TAMS 0x0000000094d00000| PB 0x0000000094d00000| Untracked 
| 334|0x0000000094e00000, 0x0000000094e00000, 0x0000000094f00000|  0%| F|  |TAMS 0x0000000094e00000| PB 0x0000000094e00000| Untracked 
| 335|0x0000000094f00000, 0x0000000094f00000, 0x0000000095000000|  0%| F|  |TAMS 0x0000000094f00000| PB 0x0000000094f00000| Untracked 
| 336|0x0000000095000000, 0x0000000095000000, 0x0000000095100000|  0%| F|  |TAMS 0x0000000095000000| PB 0x0000000095000000| Untracked 
| 337|0x0000000095100000, 0x0000000095100000, 0x0000000095200000|  0%| F|  |TAMS 0x0000000095100000| PB 0x0000000095100000| Untracked 
| 338|0x0000000095200000, 0x0000000095200000, 0x0000000095300000|  0%| F|  |TAMS 0x0000000095200000| PB 0x0000000095200000| Untracked 
| 339|0x0000000095300000, 0x0000000095300000, 0x0000000095400000|  0%| F|  |TAMS 0x0000000095300000| PB 0x0000000095300000| Untracked 
| 340|0x0000000095400000, 0x0000000095400000, 0x0000000095500000|  0%| F|  |TAMS 0x0000000095400000| PB 0x0000000095400000| Untracked 
| 341|0x0000000095500000, 0x0000000095500000, 0x0000000095600000|  0%| F|  |TAMS 0x0000000095500000| PB 0x0000000095500000| Untracked 
| 342|0x0000000095600000, 0x0000000095600000, 0x0000000095700000|  0%| F|  |TAMS 0x0000000095600000| PB 0x0000000095600000| Untracked 
| 343|0x0000000095700000, 0x0000000095700000, 0x0000000095800000|  0%| F|  |TAMS 0x0000000095700000| PB 0x0000000095700000| Untracked 
| 344|0x0000000095800000, 0x0000000095800000, 0x0000000095900000|  0%| F|  |TAMS 0x0000000095800000| PB 0x0000000095800000| Untracked 
| 345|0x0000000095900000, 0x0000000095900000, 0x0000000095a00000|  0%| F|  |TAMS 0x0000000095900000| PB 0x0000000095900000| Untracked 
| 346|0x0000000095a00000, 0x0000000095a00000, 0x0000000095b00000|  0%| F|  |TAMS 0x0000000095a00000| PB 0x0000000095a00000| Untracked 
| 347|0x0000000095b00000, 0x0000000095b00000, 0x0000000095c00000|  0%| F|  |TAMS 0x0000000095b00000| PB 0x0000000095b00000| Untracked 
| 348|0x0000000095c00000, 0x0000000095c00000, 0x0000000095d00000|  0%| F|  |TAMS 0x0000000095c00000| PB 0x0000000095c00000| Untracked 
| 349|0x0000000095d00000, 0x0000000095d00000, 0x0000000095e00000|  0%| F|  |TAMS 0x0000000095d00000| PB 0x0000000095d00000| Untracked 
| 350|0x0000000095e00000, 0x0000000095e00000, 0x0000000095f00000|  0%| F|  |TAMS 0x0000000095e00000| PB 0x0000000095e00000| Untracked 
| 351|0x0000000095f00000, 0x0000000095f00000, 0x0000000096000000|  0%| F|  |TAMS 0x0000000095f00000| PB 0x0000000095f00000| Untracked 
| 352|0x0000000096000000, 0x0000000096000000, 0x0000000096100000|  0%| F|  |TAMS 0x0000000096000000| PB 0x0000000096000000| Untracked 
| 353|0x0000000096100000, 0x0000000096100000, 0x0000000096200000|  0%| F|  |TAMS 0x0000000096100000| PB 0x0000000096100000| Untracked 
| 354|0x0000000096200000, 0x0000000096200000, 0x0000000096300000|  0%| F|  |TAMS 0x0000000096200000| PB 0x0000000096200000| Untracked 
| 355|0x0000000096300000, 0x0000000096300000, 0x0000000096400000|  0%| F|  |TAMS 0x0000000096300000| PB 0x0000000096300000| Untracked 
| 356|0x0000000096400000, 0x0000000096400000, 0x0000000096500000|  0%| F|  |TAMS 0x0000000096400000| PB 0x0000000096400000| Untracked 
| 357|0x0000000096500000, 0x0000000096500000, 0x0000000096600000|  0%| F|  |TAMS 0x0000000096500000| PB 0x0000000096500000| Untracked 
| 358|0x0000000096600000, 0x0000000096600000, 0x0000000096700000|  0%| F|  |TAMS 0x0000000096600000| PB 0x0000000096600000| Untracked 
| 359|0x0000000096700000, 0x0000000096700000, 0x0000000096800000|  0%| F|  |TAMS 0x0000000096700000| PB 0x0000000096700000| Untracked 
| 360|0x0000000096800000, 0x0000000096800000, 0x0000000096900000|  0%| F|  |TAMS 0x0000000096800000| PB 0x0000000096800000| Untracked 
| 361|0x0000000096900000, 0x0000000096900000, 0x0000000096a00000|  0%| F|  |TAMS 0x0000000096900000| PB 0x0000000096900000| Untracked 
| 362|0x0000000096a00000, 0x0000000096a00000, 0x0000000096b00000|  0%| F|  |TAMS 0x0000000096a00000| PB 0x0000000096a00000| Untracked 
| 363|0x0000000096b00000, 0x0000000096b00000, 0x0000000096c00000|  0%| F|  |TAMS 0x0000000096b00000| PB 0x0000000096b00000| Untracked 
| 364|0x0000000096c00000, 0x0000000096c00000, 0x0000000096d00000|  0%| F|  |TAMS 0x0000000096c00000| PB 0x0000000096c00000| Untracked 
| 365|0x0000000096d00000, 0x0000000096d00000, 0x0000000096e00000|  0%| F|  |TAMS 0x0000000096d00000| PB 0x0000000096d00000| Untracked 
| 366|0x0000000096e00000, 0x0000000096e00000, 0x0000000096f00000|  0%| F|  |TAMS 0x0000000096e00000| PB 0x0000000096e00000| Untracked 
| 367|0x0000000096f00000, 0x0000000096f00000, 0x0000000097000000|  0%| F|  |TAMS 0x0000000096f00000| PB 0x0000000096f00000| Untracked 
| 368|0x0000000097000000, 0x0000000097000000, 0x0000000097100000|  0%| F|  |TAMS 0x0000000097000000| PB 0x0000000097000000| Untracked 
| 369|0x0000000097100000, 0x0000000097100000, 0x0000000097200000|  0%| F|  |TAMS 0x0000000097100000| PB 0x0000000097100000| Untracked 
| 370|0x0000000097200000, 0x0000000097200000, 0x0000000097300000|  0%| F|  |TAMS 0x0000000097200000| PB 0x0000000097200000| Untracked 
| 371|0x0000000097300000, 0x0000000097300000, 0x0000000097400000|  0%| F|  |TAMS 0x0000000097300000| PB 0x0000000097300000| Untracked 
| 372|0x0000000097400000, 0x0000000097400000, 0x0000000097500000|  0%| F|  |TAMS 0x0000000097400000| PB 0x0000000097400000| Untracked 
| 373|0x0000000097500000, 0x0000000097500000, 0x0000000097600000|  0%| F|  |TAMS 0x0000000097500000| PB 0x0000000097500000| Untracked 
| 374|0x0000000097600000, 0x0000000097600000, 0x0000000097700000|  0%| F|  |TAMS 0x0000000097600000| PB 0x0000000097600000| Untracked 
| 375|0x0000000097700000, 0x0000000097700000, 0x0000000097800000|  0%| F|  |TAMS 0x0000000097700000| PB 0x0000000097700000| Untracked 
| 376|0x0000000097800000, 0x0000000097800000, 0x0000000097900000|  0%| F|  |TAMS 0x0000000097800000| PB 0x0000000097800000| Untracked 
| 377|0x0000000097900000, 0x0000000097900000, 0x0000000097a00000|  0%| F|  |TAMS 0x0000000097900000| PB 0x0000000097900000| Untracked 
| 378|0x0000000097a00000, 0x0000000097a00000, 0x0000000097b00000|  0%| F|  |TAMS 0x0000000097a00000| PB 0x0000000097a00000| Untracked 
| 379|0x0000000097b00000, 0x0000000097b00000, 0x0000000097c00000|  0%| F|  |TAMS 0x0000000097b00000| PB 0x0000000097b00000| Untracked 
| 380|0x0000000097c00000, 0x0000000097c00000, 0x0000000097d00000|  0%| F|  |TAMS 0x0000000097c00000| PB 0x0000000097c00000| Untracked 
| 381|0x0000000097d00000, 0x0000000097d00000, 0x0000000097e00000|  0%| F|  |TAMS 0x0000000097d00000| PB 0x0000000097d00000| Untracked 
| 382|0x0000000097e00000, 0x0000000097f00000, 0x0000000097f00000|100%| S|CS|TAMS 0x0000000097e00000| PB 0x0000000097e00000| Complete 
| 383|0x0000000097f00000, 0x0000000098000000, 0x0000000098000000|100%| S|CS|TAMS 0x0000000097f00000| PB 0x0000000097f00000| Complete 
| 384|0x0000000098000000, 0x0000000098100000, 0x0000000098100000|100%| S|CS|TAMS 0x0000000098000000| PB 0x0000000098000000| Complete 
| 385|0x0000000098100000, 0x0000000098200000, 0x0000000098200000|100%| S|CS|TAMS 0x0000000098100000| PB 0x0000000098100000| Complete 
| 386|0x0000000098200000, 0x0000000098300000, 0x0000000098300000|100%| S|CS|TAMS 0x0000000098200000| PB 0x0000000098200000| Complete 
| 387|0x0000000098300000, 0x0000000098400000, 0x0000000098400000|100%| S|CS|TAMS 0x0000000098300000| PB 0x0000000098300000| Complete 
| 388|0x0000000098400000, 0x0000000098500000, 0x0000000098500000|100%| S|CS|TAMS 0x0000000098400000| PB 0x0000000098400000| Complete 
| 389|0x0000000098500000, 0x0000000098600000, 0x0000000098600000|100%| S|CS|TAMS 0x0000000098500000| PB 0x0000000098500000| Complete 
| 390|0x0000000098600000, 0x0000000098700000, 0x0000000098700000|100%| S|CS|TAMS 0x0000000098600000| PB 0x0000000098600000| Complete 
| 391|0x0000000098700000, 0x0000000098800000, 0x0000000098800000|100%| S|CS|TAMS 0x0000000098700000| PB 0x0000000098700000| Complete 
| 392|0x0000000098800000, 0x0000000098900000, 0x0000000098900000|100%| S|CS|TAMS 0x0000000098800000| PB 0x0000000098800000| Complete 
| 393|0x0000000098900000, 0x0000000098a00000, 0x0000000098a00000|100%| S|CS|TAMS 0x0000000098900000| PB 0x0000000098900000| Complete 
| 394|0x0000000098a00000, 0x0000000098b00000, 0x0000000098b00000|100%| S|CS|TAMS 0x0000000098a00000| PB 0x0000000098a00000| Complete 
| 395|0x0000000098b00000, 0x0000000098c00000, 0x0000000098c00000|100%| S|CS|TAMS 0x0000000098b00000| PB 0x0000000098b00000| Complete 
| 396|0x0000000098c00000, 0x0000000098c00000, 0x0000000098d00000|  0%| F|  |TAMS 0x0000000098c00000| PB 0x0000000098c00000| Untracked 
| 397|0x0000000098d00000, 0x0000000098d00000, 0x0000000098e00000|  0%| F|  |TAMS 0x0000000098d00000| PB 0x0000000098d00000| Untracked 
| 398|0x0000000098e00000, 0x0000000098e00000, 0x0000000098f00000|  0%| F|  |TAMS 0x0000000098e00000| PB 0x0000000098e00000| Untracked 
| 399|0x0000000098f00000, 0x0000000098f00000, 0x0000000099000000|  0%| F|  |TAMS 0x0000000098f00000| PB 0x0000000098f00000| Untracked 
| 400|0x0000000099000000, 0x0000000099000000, 0x0000000099100000|  0%| F|  |TAMS 0x0000000099000000| PB 0x0000000099000000| Untracked 
| 401|0x0000000099100000, 0x0000000099100000, 0x0000000099200000|  0%| F|  |TAMS 0x0000000099100000| PB 0x0000000099100000| Untracked 
| 402|0x0000000099200000, 0x0000000099200000, 0x0000000099300000|  0%| F|  |TAMS 0x0000000099200000| PB 0x0000000099200000| Untracked 
| 403|0x0000000099300000, 0x0000000099300000, 0x0000000099400000|  0%| F|  |TAMS 0x0000000099300000| PB 0x0000000099300000| Untracked 
| 404|0x0000000099400000, 0x0000000099400000, 0x0000000099500000|  0%| F|  |TAMS 0x0000000099400000| PB 0x0000000099400000| Untracked 
| 405|0x0000000099500000, 0x0000000099500000, 0x0000000099600000|  0%| F|  |TAMS 0x0000000099500000| PB 0x0000000099500000| Untracked 
| 406|0x0000000099600000, 0x0000000099600000, 0x0000000099700000|  0%| F|  |TAMS 0x0000000099600000| PB 0x0000000099600000| Untracked 
| 407|0x0000000099700000, 0x0000000099700000, 0x0000000099800000|  0%| F|  |TAMS 0x0000000099700000| PB 0x0000000099700000| Untracked 
| 408|0x0000000099800000, 0x0000000099800000, 0x0000000099900000|  0%| F|  |TAMS 0x0000000099800000| PB 0x0000000099800000| Untracked 
| 409|0x0000000099900000, 0x0000000099900000, 0x0000000099a00000|  0%| F|  |TAMS 0x0000000099900000| PB 0x0000000099900000| Untracked 
| 410|0x0000000099a00000, 0x0000000099a00000, 0x0000000099b00000|  0%| F|  |TAMS 0x0000000099a00000| PB 0x0000000099a00000| Untracked 
| 411|0x0000000099b00000, 0x0000000099b00000, 0x0000000099c00000|  0%| F|  |TAMS 0x0000000099b00000| PB 0x0000000099b00000| Untracked 
| 412|0x0000000099c00000, 0x0000000099c00000, 0x0000000099d00000|  0%| F|  |TAMS 0x0000000099c00000| PB 0x0000000099c00000| Untracked 
| 413|0x0000000099d00000, 0x0000000099d00000, 0x0000000099e00000|  0%| F|  |TAMS 0x0000000099d00000| PB 0x0000000099d00000| Untracked 
| 414|0x0000000099e00000, 0x0000000099e00000, 0x0000000099f00000|  0%| F|  |TAMS 0x0000000099e00000| PB 0x0000000099e00000| Untracked 
| 415|0x0000000099f00000, 0x0000000099f00000, 0x000000009a000000|  0%| F|  |TAMS 0x0000000099f00000| PB 0x0000000099f00000| Untracked 
| 416|0x000000009a000000, 0x000000009a000000, 0x000000009a100000|  0%| F|  |TAMS 0x000000009a000000| PB 0x000000009a000000| Untracked 
| 417|0x000000009a100000, 0x000000009a100000, 0x000000009a200000|  0%| F|  |TAMS 0x000000009a100000| PB 0x000000009a100000| Untracked 
| 418|0x000000009a200000, 0x000000009a200000, 0x000000009a300000|  0%| F|  |TAMS 0x000000009a200000| PB 0x000000009a200000| Untracked 
| 419|0x000000009a300000, 0x000000009a300000, 0x000000009a400000|  0%| F|  |TAMS 0x000000009a300000| PB 0x000000009a300000| Untracked 
| 420|0x000000009a400000, 0x000000009a400000, 0x000000009a500000|  0%| F|  |TAMS 0x000000009a400000| PB 0x000000009a400000| Untracked 
| 421|0x000000009a500000, 0x000000009a500000, 0x000000009a600000|  0%| F|  |TAMS 0x000000009a500000| PB 0x000000009a500000| Untracked 
| 422|0x000000009a600000, 0x000000009a600000, 0x000000009a700000|  0%| F|  |TAMS 0x000000009a600000| PB 0x000000009a600000| Untracked 
| 423|0x000000009a700000, 0x000000009a700000, 0x000000009a800000|  0%| F|  |TAMS 0x000000009a700000| PB 0x000000009a700000| Untracked 
| 424|0x000000009a800000, 0x000000009a800000, 0x000000009a900000|  0%| F|  |TAMS 0x000000009a800000| PB 0x000000009a800000| Untracked 
| 425|0x000000009a900000, 0x000000009a900000, 0x000000009aa00000|  0%| F|  |TAMS 0x000000009a900000| PB 0x000000009a900000| Untracked 
| 426|0x000000009aa00000, 0x000000009aa00000, 0x000000009ab00000|  0%| F|  |TAMS 0x000000009aa00000| PB 0x000000009aa00000| Untracked 
| 427|0x000000009ab00000, 0x000000009ab00000, 0x000000009ac00000|  0%| F|  |TAMS 0x000000009ab00000| PB 0x000000009ab00000| Untracked 
| 428|0x000000009ac00000, 0x000000009ac00000, 0x000000009ad00000|  0%| F|  |TAMS 0x000000009ac00000| PB 0x000000009ac00000| Untracked 
| 429|0x000000009ad00000, 0x000000009ad00000, 0x000000009ae00000|  0%| F|  |TAMS 0x000000009ad00000| PB 0x000000009ad00000| Untracked 
| 430|0x000000009ae00000, 0x000000009ae00000, 0x000000009af00000|  0%| F|  |TAMS 0x000000009ae00000| PB 0x000000009ae00000| Untracked 
| 431|0x000000009af00000, 0x000000009af00000, 0x000000009b000000|  0%| F|  |TAMS 0x000000009af00000| PB 0x000000009af00000| Untracked 
| 432|0x000000009b000000, 0x000000009b000000, 0x000000009b100000|  0%| F|  |TAMS 0x000000009b000000| PB 0x000000009b000000| Untracked 
| 433|0x000000009b100000, 0x000000009b100000, 0x000000009b200000|  0%| F|  |TAMS 0x000000009b100000| PB 0x000000009b100000| Untracked 
| 434|0x000000009b200000, 0x000000009b200000, 0x000000009b300000|  0%| F|  |TAMS 0x000000009b200000| PB 0x000000009b200000| Untracked 
| 435|0x000000009b300000, 0x000000009b300000, 0x000000009b400000|  0%| F|  |TAMS 0x000000009b300000| PB 0x000000009b300000| Untracked 
| 436|0x000000009b400000, 0x000000009b400000, 0x000000009b500000|  0%| F|  |TAMS 0x000000009b400000| PB 0x000000009b400000| Untracked 
| 437|0x000000009b500000, 0x000000009b500000, 0x000000009b600000|  0%| F|  |TAMS 0x000000009b500000| PB 0x000000009b500000| Untracked 
| 438|0x000000009b600000, 0x000000009b600000, 0x000000009b700000|  0%| F|  |TAMS 0x000000009b600000| PB 0x000000009b600000| Untracked 
| 439|0x000000009b700000, 0x000000009b700000, 0x000000009b800000|  0%| F|  |TAMS 0x000000009b700000| PB 0x000000009b700000| Untracked 
| 440|0x000000009b800000, 0x000000009b800000, 0x000000009b900000|  0%| F|  |TAMS 0x000000009b800000| PB 0x000000009b800000| Untracked 
| 441|0x000000009b900000, 0x000000009b900000, 0x000000009ba00000|  0%| F|  |TAMS 0x000000009b900000| PB 0x000000009b900000| Untracked 
| 442|0x000000009ba00000, 0x000000009ba00000, 0x000000009bb00000|  0%| F|  |TAMS 0x000000009ba00000| PB 0x000000009ba00000| Untracked 
| 443|0x000000009bb00000, 0x000000009bb00000, 0x000000009bc00000|  0%| F|  |TAMS 0x000000009bb00000| PB 0x000000009bb00000| Untracked 
| 444|0x000000009bc00000, 0x000000009bc00000, 0x000000009bd00000|  0%| F|  |TAMS 0x000000009bc00000| PB 0x000000009bc00000| Untracked 
| 445|0x000000009bd00000, 0x000000009bd00000, 0x000000009be00000|  0%| F|  |TAMS 0x000000009bd00000| PB 0x000000009bd00000| Untracked 
| 446|0x000000009be00000, 0x000000009be00000, 0x000000009bf00000|  0%| F|  |TAMS 0x000000009be00000| PB 0x000000009be00000| Untracked 
| 447|0x000000009bf00000, 0x000000009bf00000, 0x000000009c000000|  0%| F|  |TAMS 0x000000009bf00000| PB 0x000000009bf00000| Untracked 
| 448|0x000000009c000000, 0x000000009c000000, 0x000000009c100000|  0%| F|  |TAMS 0x000000009c000000| PB 0x000000009c000000| Untracked 
| 449|0x000000009c100000, 0x000000009c100000, 0x000000009c200000|  0%| F|  |TAMS 0x000000009c100000| PB 0x000000009c100000| Untracked 
| 450|0x000000009c200000, 0x000000009c200000, 0x000000009c300000|  0%| F|  |TAMS 0x000000009c200000| PB 0x000000009c200000| Untracked 
| 451|0x000000009c300000, 0x000000009c300000, 0x000000009c400000|  0%| F|  |TAMS 0x000000009c300000| PB 0x000000009c300000| Untracked 
| 452|0x000000009c400000, 0x000000009c400000, 0x000000009c500000|  0%| F|  |TAMS 0x000000009c400000| PB 0x000000009c400000| Untracked 
| 453|0x000000009c500000, 0x000000009c500000, 0x000000009c600000|  0%| F|  |TAMS 0x000000009c500000| PB 0x000000009c500000| Untracked 
| 454|0x000000009c600000, 0x000000009c600000, 0x000000009c700000|  0%| F|  |TAMS 0x000000009c600000| PB 0x000000009c600000| Untracked 
| 455|0x000000009c700000, 0x000000009c700000, 0x000000009c800000|  0%| F|  |TAMS 0x000000009c700000| PB 0x000000009c700000| Untracked 
| 456|0x000000009c800000, 0x000000009c800000, 0x000000009c900000|  0%| F|  |TAMS 0x000000009c800000| PB 0x000000009c800000| Untracked 
| 457|0x000000009c900000, 0x000000009c900000, 0x000000009ca00000|  0%| F|  |TAMS 0x000000009c900000| PB 0x000000009c900000| Untracked 
| 458|0x000000009ca00000, 0x000000009ca00000, 0x000000009cb00000|  0%| F|  |TAMS 0x000000009ca00000| PB 0x000000009ca00000| Untracked 
| 459|0x000000009cb00000, 0x000000009cb00000, 0x000000009cc00000|  0%| F|  |TAMS 0x000000009cb00000| PB 0x000000009cb00000| Untracked 
| 460|0x000000009cc00000, 0x000000009cc00000, 0x000000009cd00000|  0%| F|  |TAMS 0x000000009cc00000| PB 0x000000009cc00000| Untracked 
| 461|0x000000009cd00000, 0x000000009cd00000, 0x000000009ce00000|  0%| F|  |TAMS 0x000000009cd00000| PB 0x000000009cd00000| Untracked 
| 462|0x000000009ce00000, 0x000000009ce00000, 0x000000009cf00000|  0%| F|  |TAMS 0x000000009ce00000| PB 0x000000009ce00000| Untracked 
| 463|0x000000009cf00000, 0x000000009cf00000, 0x000000009d000000|  0%| F|  |TAMS 0x000000009cf00000| PB 0x000000009cf00000| Untracked 
| 464|0x000000009d000000, 0x000000009d000000, 0x000000009d100000|  0%| F|  |TAMS 0x000000009d000000| PB 0x000000009d000000| Untracked 
| 465|0x000000009d100000, 0x000000009d100000, 0x000000009d200000|  0%| F|  |TAMS 0x000000009d100000| PB 0x000000009d100000| Untracked 
| 466|0x000000009d200000, 0x000000009d200000, 0x000000009d300000|  0%| F|  |TAMS 0x000000009d200000| PB 0x000000009d200000| Untracked 
| 467|0x000000009d300000, 0x000000009d300000, 0x000000009d400000|  0%| F|  |TAMS 0x000000009d300000| PB 0x000000009d300000| Untracked 
| 468|0x000000009d400000, 0x000000009d400000, 0x000000009d500000|  0%| F|  |TAMS 0x000000009d400000| PB 0x000000009d400000| Untracked 
| 469|0x000000009d500000, 0x000000009d500000, 0x000000009d600000|  0%| F|  |TAMS 0x000000009d500000| PB 0x000000009d500000| Untracked 
| 470|0x000000009d600000, 0x000000009d600000, 0x000000009d700000|  0%| F|  |TAMS 0x000000009d600000| PB 0x000000009d600000| Untracked 
| 471|0x000000009d700000, 0x000000009d700000, 0x000000009d800000|  0%| F|  |TAMS 0x000000009d700000| PB 0x000000009d700000| Untracked 
| 472|0x000000009d800000, 0x000000009d800000, 0x000000009d900000|  0%| F|  |TAMS 0x000000009d800000| PB 0x000000009d800000| Untracked 
| 473|0x000000009d900000, 0x000000009d900000, 0x000000009da00000|  0%| F|  |TAMS 0x000000009d900000| PB 0x000000009d900000| Untracked 
| 474|0x000000009da00000, 0x000000009da00000, 0x000000009db00000|  0%| F|  |TAMS 0x000000009da00000| PB 0x000000009da00000| Untracked 
| 475|0x000000009db00000, 0x000000009db00000, 0x000000009dc00000|  0%| F|  |TAMS 0x000000009db00000| PB 0x000000009db00000| Untracked 
| 476|0x000000009dc00000, 0x000000009dc00000, 0x000000009dd00000|  0%| F|  |TAMS 0x000000009dc00000| PB 0x000000009dc00000| Untracked 
| 477|0x000000009dd00000, 0x000000009dd00000, 0x000000009de00000|  0%| F|  |TAMS 0x000000009dd00000| PB 0x000000009dd00000| Untracked 
| 478|0x000000009de00000, 0x000000009de00000, 0x000000009df00000|  0%| F|  |TAMS 0x000000009de00000| PB 0x000000009de00000| Untracked 
| 479|0x000000009df00000, 0x000000009df00000, 0x000000009e000000|  0%| F|  |TAMS 0x000000009df00000| PB 0x000000009df00000| Untracked 
| 480|0x000000009e000000, 0x000000009e000000, 0x000000009e100000|  0%| F|  |TAMS 0x000000009e000000| PB 0x000000009e000000| Untracked 
| 481|0x000000009e100000, 0x000000009e100000, 0x000000009e200000|  0%| F|  |TAMS 0x000000009e100000| PB 0x000000009e100000| Untracked 
|2026|0x00000000fea00000, 0x00000000feb00000, 0x00000000feb00000|100%| O|  |TAMS 0x00000000fea00000| PB 0x00000000fea00000| Untracked 
|2027|0x00000000feb00000, 0x00000000fec00000, 0x00000000fec00000|100%| O|  |TAMS 0x00000000feb00000| PB 0x00000000feb00000| Untracked 
|2028|0x00000000fec00000, 0x00000000fed00000, 0x00000000fed00000|100%| O|  |TAMS 0x00000000fec00000| PB 0x00000000fec00000| Untracked 
|2029|0x00000000fed00000, 0x00000000fee00000, 0x00000000fee00000|100%| O|  |TAMS 0x00000000fed00000| PB 0x00000000fed00000| Untracked 
|2030|0x00000000fee00000, 0x00000000fef00000, 0x00000000fef00000|100%| O|  |TAMS 0x00000000fee00000| PB 0x00000000fee00000| Untracked 
|2031|0x00000000fef00000, 0x00000000ff000000, 0x00000000ff000000|100%| O|  |TAMS 0x00000000fef00000| PB 0x00000000fef00000| Untracked 
|2032|0x00000000ff000000, 0x00000000ff000000, 0x00000000ff100000|  0%| F|  |TAMS 0x00000000ff000000| PB 0x00000000ff000000| Untracked 
|2033|0x00000000ff100000, 0x00000000ff100000, 0x00000000ff200000|  0%| F|  |TAMS 0x00000000ff100000| PB 0x00000000ff100000| Untracked 
|2034|0x00000000ff200000, 0x00000000ff200000, 0x00000000ff300000|  0%| F|  |TAMS 0x00000000ff200000| PB 0x00000000ff200000| Untracked 
|2035|0x00000000ff300000, 0x00000000ff300000, 0x00000000ff400000|  0%| F|  |TAMS 0x00000000ff300000| PB 0x00000000ff300000| Untracked 
|2036|0x00000000ff400000, 0x00000000ff500000, 0x00000000ff500000|100%| O|  |TAMS 0x00000000ff400000| PB 0x00000000ff400000| Untracked 
|2037|0x00000000ff500000, 0x00000000ff500000, 0x00000000ff600000|  0%| F|  |TAMS 0x00000000ff500000| PB 0x00000000ff500000| Untracked 
|2038|0x00000000ff600000, 0x00000000ff600000, 0x00000000ff700000|  0%| F|  |TAMS 0x00000000ff600000| PB 0x00000000ff600000| Untracked 
|2039|0x00000000ff700000, 0x00000000ff700000, 0x00000000ff800000|  0%| F|  |TAMS 0x00000000ff700000| PB 0x00000000ff700000| Untracked 
|2040|0x00000000ff800000, 0x00000000ff800000, 0x00000000ff900000|  0%| F|  |TAMS 0x00000000ff800000| PB 0x00000000ff800000| Untracked 
|2041|0x00000000ff900000, 0x00000000ff900000, 0x00000000ffa00000|  0%| F|  |TAMS 0x00000000ff900000| PB 0x00000000ff900000| Untracked 
|2042|0x00000000ffa00000, 0x00000000ffb00000, 0x00000000ffb00000|100%| O|  |TAMS 0x00000000ffa00000| PB 0x00000000ffa00000| Untracked 
|2043|0x00000000ffb00000, 0x00000000ffc00000, 0x00000000ffc00000|100%| O|  |TAMS 0x00000000ffb00000| PB 0x00000000ffb00000| Untracked 
|2044|0x00000000ffc00000, 0x00000000ffc00000, 0x00000000ffd00000|  0%| F|  |TAMS 0x00000000ffc00000| PB 0x00000000ffc00000| Untracked 
|2045|0x00000000ffd00000, 0x00000000ffd00000, 0x00000000ffe00000|  0%| F|  |TAMS 0x00000000ffd00000| PB 0x00000000ffd00000| Untracked 
|2046|0x00000000ffe00000, 0x00000000fff00000, 0x00000000fff00000|100%| O|  |TAMS 0x00000000ffe00000| PB 0x00000000ffe00000| Untracked 
|2047|0x00000000fff00000, 0x0000000100000000, 0x0000000100000000|100%| O|  |TAMS 0x00000000fff00000| PB 0x00000000fff00000| Untracked 

Card table byte_map: [0x0000025854120000,0x0000025854520000] _byte_map_base: 0x0000025853d20000

Marking Bits: (CMBitMap*) 0x000002583c107390
 Bits: [0x0000025854520000, 0x0000025856520000)

Polling page: 0x000002583a060000

Metaspace:

Usage:
  Non-class:    174.16 MB used.
      Class:     25.72 MB used.
       Both:    199.89 MB used.

Virtual space:
  Non-class space:      192.00 MB reserved,     175.75 MB ( 92%) committed,  3 nodes.
      Class space:        1.00 GB reserved,      27.12 MB (  3%) committed,  1 nodes.
             Both:        1.19 GB reserved,     202.88 MB ( 17%) committed. 

Chunk freelists:
   Non-Class:  15.91 MB
       Class:  4.75 MB
        Both:  20.66 MB

MaxMetaspaceSize: unlimited
CompressedClassSpaceSize: 1.00 GB
Initial GC threshold: 21.00 MB
Current GC threshold: 337.19 MB
CDS: on
 - commit_granule_bytes: 65536.
 - commit_granule_words: 8192.
 - virtual_space_node_default_size: 8388608.
 - enlarge_chunks_in_place: 1.
 - use_allocation_guard: 0.


Internal statistics:

num_allocs_failed_limit: 6.
num_arena_births: 4986.
num_arena_deaths: 94.
num_vsnodes_births: 4.
num_vsnodes_deaths: 0.
num_space_committed: 3244.
num_space_uncommitted: 0.
num_chunks_returned_to_freelist: 142.
num_chunks_taken_from_freelist: 14070.
num_chunk_merges: 10.
num_chunk_splits: 9486.
num_chunks_enlarged: 6465.
num_inconsistent_stats: 0.

CodeHeap 'non-profiled nmethods': size=120000Kb used=15913Kb max_used=16276Kb free=104086Kb
 bounds [0x000002584c290000, 0x000002584d280000, 0x00000258537c0000]
CodeHeap 'profiled nmethods': size=120000Kb used=59384Kb max_used=61457Kb free=60615Kb
 bounds [0x00000258447c0000, 0x00000258483d0000, 0x000002584bcf0000]
CodeHeap 'non-nmethods': size=5760Kb used=2392Kb max_used=2461Kb free=3367Kb
 bounds [0x000002584bcf0000, 0x000002584bf60000, 0x000002584c290000]
CodeCache: size=245760Kb, used=77689Kb, max_used=80194Kb, free=168068Kb
 total_blobs=23759, nmethods=22553, adapters=1107, full_count=0
Compilation: enabled, stopped_count=0, restarted_count=0

Compilation events (20 events):
Event: 183.960 Thread 0x00000258ac97ff90 29589       4       kotlin.text.StringsKt__AppendableKt::appendElement (99 bytes)
Event: 183.960 Thread 0x00000258591da2f0 nmethod 29603 0x00000258453a6890 code [0x00000258453a6ac0, 0x00000258453a70c0]
Event: 183.960 Thread 0x00000258591da2f0 29604       3       org.jetbrains.kotlin.fir.java.declarations.FirJavaFieldBuilder::setLazyHasConstantInitializer (12 bytes)
Event: 183.961 Thread 0x00000258591da2f0 nmethod 29604 0x00000258453deb90 code [0x00000258453dedc0, 0x00000258453df3c0]
Event: 183.961 Thread 0x00000258591da2f0 29605       3       org.jetbrains.kotlin.fir.java.declarations.FirJavaFieldBuilder::<init> (25 bytes)
Event: 183.961 Thread 0x00000258591da2f0 nmethod 29605 0x0000025844994c10 code [0x0000025844994de0, 0x0000025844995168]
Event: 183.961 Thread 0x00000258591da2f0 29606       3       org.jetbrains.kotlin.fir.declarations.builder.FirFieldBuilder::setModuleData (12 bytes)
Event: 183.961 Thread 0x00000258591da2f0 nmethod 29606 0x000002584541b890 code [0x000002584541bac0, 0x000002584541c0c0]
Event: 183.961 Thread 0x00000258591da2f0 29616       3       org.jetbrains.kotlin.psi.KtCallExpression::getCalleeExpression (34 bytes)
Event: 183.962 Thread 0x00000258591da2f0 nmethod 29616 0x0000025845207890 code [0x0000025845207b00, 0x0000025845208750]
Event: 183.962 Thread 0x00000258591da2f0 29609       3       org.jetbrains.kotlin.fir.declarations.builder.FirFieldBuilder::getModuleData (17 bytes)
Event: 183.962 Thread 0x00000258591da2f0 nmethod 29609 0x0000025844e08a10 code [0x0000025844e08cc0, 0x0000025844e096b8]
Event: 183.962 Thread 0x00000258591da2f0 29607       3       org.jetbrains.kotlin.fir.declarations.builder.FirFieldBuilder::<init> (71 bytes)
Event: 183.963 Thread 0x00000258591da2f0 nmethod 29607 0x00000258461ae910 code [0x00000258461aeba0, 0x00000258461af8c8]
Event: 183.963 Thread 0x00000258591da2f0 29610       3       org.jetbrains.kotlin.fir.java.declarations.FirJavaFieldBuilder::isFromSource (22 bytes)
Event: 183.963 Thread 0x00000258591da2f0 nmethod 29610 0x00000258450ee210 code [0x00000258450ee3e0, 0x00000258450ee6e8]
Event: 183.963 Thread 0x00000258591da2f0 29619       3       org.jetbrains.kotlin.fir.builder.PsiRawFirBuilder::getAsText (9 bytes)
Event: 183.964 Thread 0x00000258591da2f0 nmethod 29619 0x0000025844dbde90 code [0x0000025844dbe0e0, 0x0000025844dbe990]
Event: 183.964 Thread 0x00000258591da2f0 29611       3       org.jetbrains.kotlin.fir.declarations.builder.FirFieldBuilder::getSymbol (17 bytes)
Event: 183.964 Thread 0x00000258591da2f0 nmethod 29611 0x0000025844e7be90 code [0x0000025844e7c140, 0x0000025844e7cb38]

GC Heap History (20 events):
Event: 149.678 GC heap after
{Heap after GC invocations=77 (full 0):
 garbage-first heap   total 338944K, used 190197K [0x0000000080000000, 0x0000000100000000)
  region size 1024K, 3 young (3072K), 3 survivors (3072K)
 Metaspace       used 151471K, committed 154432K, reserved 1245184K
  class space    used 20409K, committed 21824K, reserved 1048576K
}
Event: 165.056 GC heap before
{Heap before GC invocations=78 (full 0):
 garbage-first heap   total 338944K, used 326389K [0x0000000080000000, 0x0000000100000000)
  region size 1024K, 127 young (130048K), 3 survivors (3072K)
 Metaspace       used 165600K, committed 168512K, reserved 1245184K
  class space    used 21960K, committed 23360K, reserved 1048576K
}
Event: 165.171 GC heap after
{Heap after GC invocations=79 (full 0):
 garbage-first heap   total 345088K, used 206290K [0x0000000080000000, 0x0000000100000000)
  region size 1024K, 16 young (16384K), 16 survivors (16384K)
 Metaspace       used 165600K, committed 168512K, reserved 1245184K
  class space    used 21960K, committed 23360K, reserved 1048576K
}
Event: 172.335 GC heap before
{Heap before GC invocations=79 (full 0):
 garbage-first heap   total 345088K, used 317906K [0x0000000080000000, 0x0000000100000000)
  region size 1024K, 124 young (126976K), 16 survivors (16384K)
 Metaspace       used 178509K, committed 181440K, reserved 1245184K
  class space    used 23549K, committed 24960K, reserved 1048576K
}
Event: 172.353 GC heap after
{Heap after GC invocations=80 (full 0):
 garbage-first heap   total 354304K, used 219162K [0x0000000080000000, 0x0000000100000000)
  region size 1024K, 16 young (16384K), 16 survivors (16384K)
 Metaspace       used 178509K, committed 181440K, reserved 1245184K
  class space    used 23549K, committed 24960K, reserved 1048576K
}
Event: 173.969 GC heap before
{Heap before GC invocations=80 (full 0):
 garbage-first heap   total 354304K, used 253978K [0x0000000080000000, 0x0000000100000000)
  region size 1024K, 51 young (52224K), 16 survivors (16384K)
 Metaspace       used 184179K, committed 187200K, reserved 1245184K
  class space    used 24230K, committed 25664K, reserved 1048576K
}
Event: 173.979 GC heap after
{Heap after GC invocations=81 (full 0):
 garbage-first heap   total 354304K, used 226042K [0x0000000080000000, 0x0000000100000000)
  region size 1024K, 7 young (7168K), 7 survivors (7168K)
 Metaspace       used 184179K, committed 187200K, reserved 1245184K
  class space    used 24230K, committed 25664K, reserved 1048576K
}
Event: 175.821 GC heap before
{Heap before GC invocations=82 (full 0):
 garbage-first heap   total 382976K, used 314106K [0x0000000080000000, 0x0000000100000000)
  region size 1024K, 91 young (93184K), 7 survivors (7168K)
 Metaspace       used 188374K, committed 191424K, reserved 1245184K
  class space    used 24779K, committed 26240K, reserved 1048576K
}
Event: 175.832 GC heap after
{Heap after GC invocations=83 (full 0):
 garbage-first heap   total 382976K, used 247808K [0x0000000080000000, 0x0000000100000000)
  region size 1024K, 12 young (12288K), 12 survivors (12288K)
 Metaspace       used 188374K, committed 191424K, reserved 1245184K
  class space    used 24779K, committed 26240K, reserved 1048576K
}
Event: 176.968 GC heap before
{Heap before GC invocations=83 (full 0):
 garbage-first heap   total 382976K, used 342016K [0x0000000080000000, 0x0000000100000000)
  region size 1024K, 97 young (99328K), 12 survivors (12288K)
 Metaspace       used 192015K, committed 195072K, reserved 1245184K
  class space    used 25199K, committed 26624K, reserved 1048576K
}
Event: 176.987 GC heap after
{Heap after GC invocations=84 (full 0):
 garbage-first heap   total 382976K, used 259584K [0x0000000080000000, 0x0000000100000000)
  region size 1024K, 13 young (13312K), 13 survivors (13312K)
 Metaspace       used 192015K, committed 195072K, reserved 1245184K
  class space    used 25199K, committed 26624K, reserved 1048576K
}
Event: 177.326 GC heap before
{Heap before GC invocations=84 (full 0):
 garbage-first heap   total 382976K, used 280064K [0x0000000080000000, 0x0000000100000000)
  region size 1024K, 34 young (34816K), 13 survivors (13312K)
 Metaspace       used 193050K, committed 196160K, reserved 1245184K
  class space    used 25310K, committed 26752K, reserved 1048576K
}
Event: 177.336 GC heap after
{Heap after GC invocations=85 (full 0):
 garbage-first heap   total 382976K, used 265025K [0x0000000080000000, 0x0000000100000000)
  region size 1024K, 5 young (5120K), 5 survivors (5120K)
 Metaspace       used 193050K, committed 196160K, reserved 1245184K
  class space    used 25310K, committed 26752K, reserved 1048576K
}
Event: 180.565 GC heap before
{Heap before GC invocations=86 (full 0):
 garbage-first heap   total 450560K, used 350017K [0x0000000080000000, 0x0000000100000000)
  region size 1024K, 84 young (86016K), 5 survivors (5120K)
 Metaspace       used 196997K, committed 200000K, reserved 1245184K
  class space    used 25776K, committed 27200K, reserved 1048576K
}
Event: 180.574 GC heap after
{Heap after GC invocations=87 (full 0):
 garbage-first heap   total 450560K, used 275198K [0x0000000080000000, 0x0000000100000000)
  region size 1024K, 11 young (11264K), 11 survivors (11264K)
 Metaspace       used 196997K, committed 200000K, reserved 1245184K
  class space    used 25776K, committed 27200K, reserved 1048576K
}
Event: 182.104 GC heap before
{Heap before GC invocations=87 (full 0):
 garbage-first heap   total 450560K, used 402174K [0x0000000080000000, 0x0000000100000000)
  region size 1024K, 135 young (138240K), 11 survivors (11264K)
 Metaspace       used 201048K, committed 204032K, reserved 1245184K
  class space    used 26094K, committed 27520K, reserved 1048576K
}
Event: 182.121 GC heap after
{Heap after GC invocations=88 (full 0):
 garbage-first heap   total 450560K, used 292775K [0x0000000080000000, 0x0000000100000000)
  region size 1024K, 17 young (17408K), 17 survivors (17408K)
 Metaspace       used 201048K, committed 204032K, reserved 1245184K
  class space    used 26094K, committed 27520K, reserved 1048576K
}
Event: 183.233 GC heap before
{Heap before GC invocations=88 (full 0):
 garbage-first heap   total 450560K, used 396199K [0x0000000080000000, 0x0000000100000000)
  region size 1024K, 119 young (121856K), 17 survivors (17408K)
 Metaspace       used 203990K, committed 207104K, reserved 1245184K
  class space    used 26306K, committed 27776K, reserved 1048576K
}
Event: 183.251 GC heap after
{Heap after GC invocations=89 (full 0):
 garbage-first heap   total 450560K, used 309129K [0x0000000080000000, 0x0000000100000000)
  region size 1024K, 15 young (15360K), 15 survivors (15360K)
 Metaspace       used 203990K, committed 207104K, reserved 1245184K
  class space    used 26306K, committed 27776K, reserved 1048576K
}
Event: 183.965 GC heap before
{Heap before GC invocations=90 (full 0):
 garbage-first heap   total 516096K, used 408457K [0x0000000080000000, 0x0000000100000000)
  region size 1024K, 112 young (114688K), 15 survivors (15360K)
 Metaspace       used 204684K, committed 207744K, reserved 1245184K
  class space    used 26340K, committed 27776K, reserved 1048576K
}

Dll operation events (17 events):
Event: 0.094 Loaded shared library C:\Users\ASUS\.jdks\ms-21.0.9\bin\java.dll
Event: 0.195 Loaded shared library C:\Users\ASUS\.jdks\ms-21.0.9\bin\jsvml.dll
Event: 0.358 Loaded shared library C:\Users\ASUS\.jdks\ms-21.0.9\bin\zip.dll
Event: 0.384 Loaded shared library C:\Users\ASUS\.jdks\ms-21.0.9\bin\instrument.dll
Event: 0.444 Loaded shared library C:\Users\ASUS\.jdks\ms-21.0.9\bin\net.dll
Event: 0.518 Loaded shared library C:\Users\ASUS\.jdks\ms-21.0.9\bin\nio.dll
Event: 0.521 Loaded shared library C:\Users\ASUS\.jdks\ms-21.0.9\bin\zip.dll
Event: 2.990 Loaded shared library C:\Users\ASUS\.jdks\ms-21.0.9\bin\jimage.dll
Event: 5.824 Loaded shared library C:\Users\ASUS\.jdks\ms-21.0.9\bin\verify.dll
Event: 6.039 Loaded shared library C:\Users\ASUS\.gradle\native\660c5614fbf4a5f2a75b1949f50a0caf5cd603558e7d8a26e50b933a0cfb79d1\windows-amd64\native-platform.dll
Event: 6.148 Loaded shared library C:\Users\ASUS\.gradle\native\0.2.8\x86_64-windows-gnu\gradle-fileevents.dll
Event: 12.397 Loaded shared library C:\Users\ASUS\.jdks\ms-21.0.9\bin\management.dll
Event: 12.475 Loaded shared library C:\Users\ASUS\.jdks\ms-21.0.9\bin\management_ext.dll
Event: 13.663 Loaded shared library C:\Users\ASUS\.jdks\ms-21.0.9\bin\extnet.dll
Event: 16.984 Loaded shared library C:\Users\ASUS\.jdks\ms-21.0.9\bin\sunmscapi.dll
Event: 128.996 Loaded shared library C:\Users\ASUS\.jdks\ms-21.0.9\bin\rmi.dll
Event: 162.218 Loaded shared library C:\Users\ASUS\.jdks\ms-21.0.9\bin\awt.dll

Deoptimization events (20 events):
Event: 183.834 Thread 0x00000258aa2166f0 Uncommon trap: trap_request=0xffffffde fr.pc=0x000002584cfdbdb4 relative=0x00000000000002f4
Event: 183.834 Thread 0x00000258aa2166f0 Uncommon trap: reason=class_check action=maybe_recompile pc=0x000002584cfdbdb4 method=kotlin.sequences.GeneratorSequence$iterator$1.calcNext()V @ 17 c2
Event: 183.834 Thread 0x00000258aa2166f0 DEOPT PACKING pc=0x000002584cfdbdb4 sp=0x000000ca7b6f6bd0
Event: 183.834 Thread 0x00000258aa2166f0 DEOPT UNPACKING pc=0x000002584bd44422 sp=0x000000ca7b6f6b30 mode 2
Event: 183.836 Thread 0x00000258aa2166f0 Uncommon trap: trap_request=0xffffffde fr.pc=0x000002584cfdbdb4 relative=0x00000000000002f4
Event: 183.836 Thread 0x00000258aa2166f0 Uncommon trap: reason=class_check action=maybe_recompile pc=0x000002584cfdbdb4 method=kotlin.sequences.GeneratorSequence$iterator$1.calcNext()V @ 17 c2
Event: 183.836 Thread 0x00000258aa2166f0 DEOPT PACKING pc=0x000002584cfdbdb4 sp=0x000000ca7b6f55a0
Event: 183.836 Thread 0x00000258aa2166f0 DEOPT UNPACKING pc=0x000002584bd44422 sp=0x000000ca7b6f5500 mode 2
Event: 183.880 Thread 0x00000258aa2166f0 Uncommon trap: trap_request=0xffffffde fr.pc=0x000002584cfe2114 relative=0x00000000000002d4
Event: 183.880 Thread 0x00000258aa2166f0 Uncommon trap: reason=class_check action=maybe_recompile pc=0x000002584cfe2114 method=kotlin.sequences.GeneratorSequence$iterator$1.calcNext()V @ 17 c2
Event: 183.880 Thread 0x00000258aa2166f0 DEOPT PACKING pc=0x000002584cfe2114 sp=0x000000ca7b6f6860
Event: 183.880 Thread 0x00000258aa2166f0 DEOPT UNPACKING pc=0x000002584bd44422 sp=0x000000ca7b6f6828 mode 2
Event: 183.912 Thread 0x00000258a4638570 Uncommon trap: trap_request=0xffffff45 fr.pc=0x000002584ce4b444 relative=0x0000000000001f24
Event: 183.912 Thread 0x00000258a4638570 Uncommon trap: reason=unstable_if action=reinterpret pc=0x000002584ce4b444 method=java.lang.StringLatin1.indexOf([BIII)I @ 4 c2
Event: 183.912 Thread 0x00000258a4638570 DEOPT PACKING pc=0x000002584ce4b444 sp=0x000000ca7b7fa0d0
Event: 183.912 Thread 0x00000258a4638570 DEOPT UNPACKING pc=0x000002584bd44422 sp=0x000000ca7b7f9f48 mode 2
Event: 183.956 Thread 0x00000258aa2166f0 Uncommon trap: trap_request=0xffffff45 fr.pc=0x000002584cadf838 relative=0x0000000000001218
Event: 183.956 Thread 0x00000258aa2166f0 Uncommon trap: reason=unstable_if action=reinterpret pc=0x000002584cadf838 method=org.jetbrains.kotlin.fir.types.ConeInferenceContext.typeDepth(Lorg/jetbrains/kotlin/types/model/KotlinTypeMarker;)I @ 38 c2
Event: 183.956 Thread 0x00000258aa2166f0 DEOPT PACKING pc=0x000002584cadf838 sp=0x000000ca7b6f8e90
Event: 183.956 Thread 0x00000258aa2166f0 DEOPT UNPACKING pc=0x000002584bd44422 sp=0x000000ca7b6f8e90 mode 2

Classes loaded (20 events):
Event: 167.072 Loading class java/lang/annotation/Repeatable
Event: 167.075 Loading class java/lang/annotation/Repeatable done
Event: 167.079 Loading class jdk/jfr/SettingDefinition
Event: 167.079 Loading class jdk/jfr/SettingDefinition done
Event: 169.937 Loading class java/util/stream/SortedOps$RefSortingSink
Event: 169.942 Loading class java/util/stream/SortedOps$RefSortingSink done
Event: 171.294 Loading class java/util/EnumMap$Values
Event: 171.296 Loading class java/util/EnumMap$Values done
Event: 171.296 Loading class java/util/EnumMap$ValueIterator
Event: 171.306 Loading class java/util/EnumMap$ValueIterator done
Event: 171.347 Loading class java/nio/file/FileSystemNotFoundException
Event: 171.352 Loading class java/nio/file/FileSystemNotFoundException done
Event: 171.352 Loading class java/nio/file/ProviderNotFoundException
Event: 171.358 Loading class java/nio/file/ProviderNotFoundException done
Event: 173.094 Loading class sun/misc/SharedSecrets
Event: 173.094 Loading class sun/misc/SharedSecrets done
Event: 174.689 Loading class java/util/AbstractList$RandomAccessSubList
Event: 174.691 Loading class java/util/AbstractList$RandomAccessSubList done
Event: 175.668 Loading class java/lang/StringIndexOutOfBoundsException
Event: 175.682 Loading class java/lang/StringIndexOutOfBoundsException done

Classes unloaded (20 events):
Event: 149.901 Thread 0x0000025859183980 Unloading class 0x000002585c46cc00 'java/lang/invoke/LambdaForm$DMH+0x000002585c46cc00'
Event: 149.901 Thread 0x0000025859183980 Unloading class 0x000002585c46c000 'java/lang/invoke/LambdaForm$DMH+0x000002585c46c000'
Event: 149.901 Thread 0x0000025859183980 Unloading class 0x000002585c450400 'java/lang/invoke/LambdaForm$DMH+0x000002585c450400'
Event: 177.493 Thread 0x0000025859183980 Unloading class 0x000002585c960400 'java/lang/invoke/LambdaForm$DMH+0x000002585c960400'
Event: 177.493 Thread 0x0000025859183980 Unloading class 0x000002585c950400 'java/lang/invoke/LambdaForm$DMH+0x000002585c950400'
Event: 177.493 Thread 0x0000025859183980 Unloading class 0x000002585c815800 'java/lang/invoke/LambdaForm$MH+0x000002585c815800'
Event: 177.493 Thread 0x0000025859183980 Unloading class 0x000002585c815000 'java/lang/invoke/LambdaForm$DMH+0x000002585c815000'
Event: 177.493 Thread 0x0000025859183980 Unloading class 0x000002585c814400 'java/lang/invoke/LambdaForm$DMH+0x000002585c814400'
Event: 177.493 Thread 0x0000025859183980 Unloading class 0x000002585c814000 'java/lang/invoke/LambdaForm$DMH+0x000002585c814000'
Event: 177.493 Thread 0x0000025859183980 Unloading class 0x000002585c802000 'java/lang/invoke/LambdaForm$MH+0x000002585c802000'
Event: 177.493 Thread 0x0000025859183980 Unloading class 0x000002585c801400 'java/lang/invoke/LambdaForm$DMH+0x000002585c801400'
Event: 177.494 Thread 0x0000025859183980 Unloading class 0x000002585c801000 'java/lang/invoke/LambdaForm$DMH+0x000002585c801000'
Event: 177.494 Thread 0x0000025859183980 Unloading class 0x000002585c800800 'java/lang/invoke/LambdaForm$DMH+0x000002585c800800'
Event: 177.494 Thread 0x0000025859183980 Unloading class 0x000002585c7f0400 'java/lang/invoke/LambdaForm$DMH+0x000002585c7f0400'
Event: 177.494 Thread 0x0000025859183980 Unloading class 0x000002585c7ed800 'java/lang/invoke/LambdaForm$MH+0x000002585c7ed800'
Event: 177.494 Thread 0x0000025859183980 Unloading class 0x000002585c7ed400 'java/lang/invoke/LambdaForm$DMH+0x000002585c7ed400'
Event: 177.494 Thread 0x0000025859183980 Unloading class 0x000002585c7ecc00 'java/lang/invoke/LambdaForm$DMH+0x000002585c7ecc00'
Event: 177.494 Thread 0x0000025859183980 Unloading class 0x000002585c7ec400 'java/lang/invoke/LambdaForm$DMH+0x000002585c7ec400'
Event: 177.494 Thread 0x0000025859183980 Unloading class 0x000002585c764000 'java/lang/invoke/LambdaForm$DMH+0x000002585c764000'
Event: 177.494 Thread 0x0000025859183980 Unloading class 0x000002585c75c000 'java/lang/invoke/LambdaForm$DMH+0x000002585c75c000'

Classes redefined (0 events):
No events

Internal exceptions (20 events):
Event: 172.843 Thread 0x00000258aa2166f0 Exception <a 'java/lang/NoSuchMethodError'{0x0000000093c3ff70}: 'java.lang.Object java.lang.invoke.DirectMethodHandle$Holder.invokeSpecial(java.lang.Object, java.lang.Object, java.lang.Object, java.lang.Object, java.lang.Object, java.lang.Object, int)'> (0x0000000093c3ff70) 
thrown [s\src\hotspot\share\interpreter\linkResolver.cpp, line 773]
Event: 172.843 Thread 0x00000258aa2166f0 Exception <a 'java/lang/NoSuchMethodError'{0x0000000093c43d80}: 'java.lang.Object java.lang.invoke.Invokers$Holder.linkToTargetMethod(java.lang.Object, java.lang.Object, java.lang.Object, java.lang.Object, int, java.lang.Object)'> (0x0000000093c43d80) 
thrown [s\src\hotspot\share\interpreter\linkResolver.cpp, line 773]
Event: 173.087 Thread 0x00000258a4638570 Exception <a 'java/io/FileNotFoundException'{0x00000000939e60e0}> (0x00000000939e60e0) 
thrown [s\src\hotspot\share\prims\jni.cpp, line 520]
Event: 173.094 Thread 0x00000258a4638570 Exception <a 'java/lang/ClassNotFoundException'{0x00000000939f1730}: sun/misc/SharedSecrets> (0x00000000939f1730) 
thrown [s\src\hotspot\share\classfile\systemDictionary.cpp, line 312]
Event: 173.352 Thread 0x00000258aa2166f0 Exception <a 'java/lang/NoSuchMethodError'{0x00000000932ff440}: 'int java.lang.invoke.DirectMethodHandle$Holder.invokeStaticInit(java.lang.Object, int)'> (0x00000000932ff440) 
thrown [s\src\hotspot\share\interpreter\linkResolver.cpp, line 773]
Event: 173.563 Thread 0x00000258aa2166f0 Exception <a 'java/lang/NoSuchMethodError'{0x0000000092e27490}: 'java.lang.Object java.lang.invoke.DirectMethodHandle$Holder.invokeStatic(java.lang.Object, java.lang.Object, java.lang.Object, java.lang.Object, int, java.lang.Object, java.lang.Object)'> (0x0000000092e27490) 
thrown [s\src\hotspot\share\interpreter\linkResolver.cpp, line 773]
Event: 173.564 Thread 0x00000258aa2166f0 Exception <a 'java/lang/NoSuchMethodError'{0x0000000092e30d28}: 'java.lang.Object java.lang.invoke.DirectMethodHandle$Holder.newInvokeSpecial(java.lang.Object, java.lang.Object, java.lang.Object, java.lang.Object, int, java.lang.Object, java.lang.Object)'> (0x0000000092e30d28) 
thrown [s\src\hotspot\share\interpreter\linkResolver.cpp, line 773]
Event: 173.564 Thread 0x00000258aa2166f0 Exception <a 'java/lang/NoSuchMethodError'{0x0000000092e39420}: 'java.lang.Object java.lang.invoke.Invokers$Holder.linkToTargetMethod(java.lang.Object, java.lang.Object, java.lang.Object, int, java.lang.Object, java.lang.Object, java.lang.Object)'> (0x0000000092e39420) 
thrown [s\src\hotspot\share\interpreter\linkResolver.cpp, line 773]
Event: 174.880 Thread 0x00000258a4638570 Exception <a 'java/lang/NoSuchMethodError'{0x0000000091d3b7e8}: 'java.lang.Object java.lang.invoke.DirectMethodHandle$Holder.invokeStatic(java.lang.Object, java.lang.Object, java.lang.Object, java.lang.Object, java.lang.Object, int)'> (0x0000000091d3b7e8) 
thrown [s\src\hotspot\share\interpreter\linkResolver.cpp, line 773]
Event: 174.880 Thread 0x00000258aa2166f0 Exception <a 'java/lang/NoSuchMethodError'{0x0000000091eafe40}: 'java.lang.Object java.lang.invoke.DirectMethodHandle$Holder.invokeStatic(java.lang.Object, java.lang.Object, java.lang.Object, java.lang.Object, java.lang.Object, int)'> (0x0000000091eafe40) 
thrown [s\src\hotspot\share\interpreter\linkResolver.cpp, line 773]
Event: 175.131 Thread 0x00000258a4638570 Exception <a 'java/lang/NoSuchMethodError'{0x000000009194f960}: 'java.lang.Object java.lang.invoke.DirectMethodHandle$Holder.invokeStatic(java.lang.Object, java.lang.Object, java.lang.Object, int, java.lang.Object, java.lang.Object, java.lang.Object, java.lang.Object)'> (0x000000009194f960) 
thrown [s\src\hotspot\share\interpreter\linkResolver.cpp, line 773]
Event: 175.859 Thread 0x00000258aa2166f0 Exception <a 'java/lang/NoSuchMethodError'{0x00000000ffd7dc68}: 'java.lang.Object java.lang.invoke.DirectMethodHandle$Holder.invokeStatic(java.lang.Object, int, java.lang.Object, java.lang.Object, java.lang.Object)'> (0x00000000ffd7dc68) 
thrown [s\src\hotspot\share\interpreter\linkResolver.cpp, line 773]
Event: 175.859 Thread 0x00000258aa2166f0 Exception <a 'java/lang/NoSuchMethodError'{0x00000000ffc092d8}: 'java.lang.Object java.lang.invoke.DirectMethodHandle$Holder.newInvokeSpecial(java.lang.Object, int, java.lang.Object, java.lang.Object)'> (0x00000000ffc092d8) 
thrown [s\src\hotspot\share\interpreter\linkResolver.cpp, line 773]
Event: 175.860 Thread 0x00000258aa2166f0 Exception <a 'java/lang/NoSuchMethodError'{0x00000000ffc0de00}: 'java.lang.Object java.lang.invoke.DirectMethodHandle$Holder.invokeSpecial(java.lang.Object, java.lang.Object, int, java.lang.Object, java.lang.Object)'> (0x00000000ffc0de00) 
thrown [s\src\hotspot\share\interpreter\linkResolver.cpp, line 773]
Event: 175.890 Thread 0x00000258a4638570 Exception <a 'java/lang/NoSuchMethodError'{0x00000000ffc965f8}: 'java.lang.Object java.lang.invoke.DirectMethodHandle$Holder.invokeStatic(java.lang.Object, java.lang.Object, int, java.lang.Object)'> (0x00000000ffc965f8) 
thrown [s\src\hotspot\share\interpreter\linkResolver.cpp, line 773]
Event: 176.079 Thread 0x00000258aa2166f0 Exception <a 'java/lang/NoSuchMethodError'{0x00000000ff6213d8}: 'java.lang.Object java.lang.invoke.DirectMethodHandle$Holder.invokeStatic(java.lang.Object, int, java.lang.Object, java.lang.Object, java.lang.Object, java.lang.Object, java.lang.Object)'> (0x00000000ff6213d8) 
thrown [s\src\hotspot\share\interpreter\linkResolver.cpp, line 773]
Event: 176.080 Thread 0x00000258aa2166f0 Exception <a 'java/lang/NoSuchMethodError'{0x00000000ff62a438}: 'java.lang.Object java.lang.invoke.DirectMethodHandle$Holder.newInvokeSpecial(java.lang.Object, int, java.lang.Object, java.lang.Object, java.lang.Object)'> (0x00000000ff62a438) 
thrown [s\src\hotspot\share\interpreter\linkResolver.cpp, line 773]
Event: 176.089 Thread 0x00000258aa2166f0 Exception <a 'java/lang/NoSuchMethodError'{0x00000000ff65f6a8}: 'java.lang.Object java.lang.invoke.DirectMethodHandle$Holder.invokeStatic(java.lang.Object, java.lang.Object, java.lang.Object, int, java.lang.Object, java.lang.Object)'> (0x00000000ff65f6a8) 
thrown [s\src\hotspot\share\interpreter\linkResolver.cpp, line 773]
Event: 179.419 Thread 0x00000258a4638570 Implicit null exception at 0x000002584c41ba5e to 0x000002584c41bb49
Event: 181.071 Thread 0x00000258aa2166f0 Exception <a 'java/lang/NoSuchMethodError'{0x000000009929a790}: 'int java.lang.invoke.DirectMethodHandle$Holder.invokeStatic(java.lang.Object, java.lang.Object, java.lang.Object, java.lang.Object, java.lang.Object, int, java.lang.Object)'> (0x000000009929a790) 
thrown [s\src\hotspot\share\interpreter\linkResolver.cpp, line 773]

ZGC Phase Switch (0 events):
No events

VM Operations (20 events):
Event: 182.878 Executing VM operation: ICBufferFull done
Event: 183.074 Executing VM operation: HandshakeAllThreads (Deoptimize)
Event: 183.075 Executing VM operation: HandshakeAllThreads (Deoptimize) done
Event: 183.113 Executing VM operation: HandshakeAllThreads (Deoptimize)
Event: 183.114 Executing VM operation: HandshakeAllThreads (Deoptimize) done
Event: 183.175 Executing VM operation: ICBufferFull
Event: 183.175 Executing VM operation: ICBufferFull done
Event: 183.232 Executing VM operation: G1TryInitiateConcMark (CodeCache GC Threshold)
Event: 183.251 Executing VM operation: G1TryInitiateConcMark (CodeCache GC Threshold) done
Event: 183.412 Executing VM operation: G1PauseRemark
Event: 183.476 Executing VM operation: G1PauseRemark done
Event: 183.551 Executing VM operation: G1PauseCleanup
Event: 183.551 Executing VM operation: G1PauseCleanup done
Event: 183.775 Executing VM operation: ICBufferFull
Event: 183.776 Executing VM operation: ICBufferFull done
Event: 183.796 Executing VM operation: HandshakeAllThreads (Deoptimize)
Event: 183.796 Executing VM operation: HandshakeAllThreads (Deoptimize) done
Event: 183.884 Executing VM operation: ICBufferFull
Event: 183.884 Executing VM operation: ICBufferFull done
Event: 183.964 Executing VM operation: G1CollectForAllocation (G1 Evacuation Pause)

Memory protections (0 events):
No events

Nmethod flushes (20 events):
Event: 183.471 Thread 0x0000025859183980 flushing  nmethod 0x0000025846967310
Event: 183.471 Thread 0x0000025859183980 flushing  nmethod 0x0000025846968810
Event: 183.471 Thread 0x0000025859183980 flushing  nmethod 0x0000025846af5510
Event: 183.471 Thread 0x0000025859183980 flushing  nmethod 0x0000025846bfcb10
Event: 183.471 Thread 0x0000025859183980 flushing  nmethod 0x0000025846c20690
Event: 183.471 Thread 0x0000025859183980 flushing  nmethod 0x0000025846c4a690
Event: 183.471 Thread 0x0000025859183980 flushing  nmethod 0x0000025846c85990
Event: 183.471 Thread 0x0000025859183980 flushing  nmethod 0x0000025846c86b90
Event: 183.471 Thread 0x0000025859183980 flushing  nmethod 0x0000025846c87090
Event: 183.471 Thread 0x0000025859183980 flushing  nmethod 0x0000025846c87710
Event: 183.471 Thread 0x0000025859183980 flushing  nmethod 0x0000025846cf7010
Event: 183.471 Thread 0x0000025859183980 flushing  nmethod 0x0000025846cf7710
Event: 183.471 Thread 0x0000025859183980 flushing  nmethod 0x0000025846cf7c90
Event: 183.471 Thread 0x0000025859183980 flushing  nmethod 0x0000025846cf8910
Event: 183.471 Thread 0x0000025859183980 flushing  nmethod 0x0000025846cfbb90
Event: 183.471 Thread 0x0000025859183980 flushing  nmethod 0x0000025846cfc310
Event: 183.471 Thread 0x0000025859183980 flushing  nmethod 0x0000025846cfcf10
Event: 183.471 Thread 0x0000025859183980 flushing  nmethod 0x0000025846d03510
Event: 183.471 Thread 0x0000025859183980 flushing  nmethod 0x0000025846d8e690
Event: 183.471 Thread 0x0000025859183980 flushing  nmethod 0x0000025846daa690

Events (20 events):
Event: 171.530 Thread 0x00000258591da2f0 Thread added: 0x00000258ab2c5f30
Event: 171.772 Thread 0x00000258ab2c5f30 Thread exited: 0x00000258ab2c5f30
Event: 171.849 Thread 0x00000258591da2f0 Thread added: 0x00000258ab2c6600
Event: 172.676 Thread 0x00000258ab2c6600 Thread exited: 0x00000258ab2c6600
Event: 172.830 Thread 0x00000258591adc10 Thread added: 0x00000258ab2c5f30
Event: 173.040 Thread 0x00000258ab2c5f30 Thread exited: 0x00000258ab2c5f30
Event: 173.884 Thread 0x00000258591da2f0 Thread added: 0x00000258ab2c6cd0
Event: 174.661 Thread 0x00000258ab2c6cd0 Thread exited: 0x00000258ab2c6cd0
Event: 174.802 Thread 0x00000258591da2f0 Thread added: 0x00000258ab2c6cd0
Event: 174.922 Thread 0x00000258ab2c6cd0 Thread exited: 0x00000258ab2c6cd0
Event: 175.592 Thread 0x00000258591adc10 Thread added: 0x00000258ab2c8140
Event: 179.070 Thread 0x00000258591da2f0 Thread added: 0x00000258b1bc0b50
Event: 179.316 Thread 0x00000258b1bc0b50 Thread exited: 0x00000258b1bc0b50
Event: 179.316 Thread 0x00000258ab2c8140 Thread exited: 0x00000258ab2c8140
Event: 179.484 Thread 0x00000258591da2f0 Thread added: 0x00000258b1bbfdb0
Event: 179.484 Thread 0x00000258591da2f0 Thread added: 0x00000258b1bc0b50
Event: 180.574 Thread 0x00000258b1bc0b50 Thread exited: 0x00000258b1bc0b50
Event: 180.575 Thread 0x00000258b1bbfdb0 Thread exited: 0x00000258b1bbfdb0
Event: 180.661 Thread 0x00000258591da2f0 Thread added: 0x00000258591d9550
Event: 182.836 Thread 0x00000258591da2f0 Thread added: 0x00000258ac97ff90


Dynamic libraries:
0x00007ff6c4490000 - 0x00007ff6c449e000 	C:\Users\ASUS\.jdks\ms-21.0.9\bin\java.exe
0x00007ffd11460000 - 0x00007ffd116c6000 	C:\WINDOWS\SYSTEM32\ntdll.dll
0x00007ffd101f0000 - 0x00007ffd102b9000 	C:\WINDOWS\System32\KERNEL32.DLL
0x00007ffd0e780000 - 0x00007ffd0eb7a000 	C:\WINDOWS\System32\KERNELBASE.dll
0x00007ffd0f080000 - 0x00007ffd0f1cc000 	C:\WINDOWS\System32\ucrtbase.dll
0x00007ffccc300000 - 0x00007ffccc318000 	C:\Users\ASUS\.jdks\ms-21.0.9\bin\jli.dll
0x00007ffccb700000 - 0x00007ffccb71e000 	C:\Users\ASUS\.jdks\ms-21.0.9\bin\VCRUNTIME140.dll
0x00007ffd10330000 - 0x00007ffd104f7000 	C:\WINDOWS\System32\USER32.dll
0x00007ffd0efa0000 - 0x00007ffd0efc7000 	C:\WINDOWS\System32\win32u.dll
0x00007ffcf7bc0000 - 0x00007ffcf7e52000 	C:\WINDOWS\WinSxS\amd64_microsoft.windows.common-controls_6595b64144ccf1df_6.0.26100.8521_none_3e08b75ce33403b3\COMCTL32.dll
0x00007ffd0f340000 - 0x00007ffd0f36b000 	C:\WINDOWS\System32\GDI32.dll
0x00007ffd10110000 - 0x00007ffd101b9000 	C:\WINDOWS\System32\msvcrt.dll
0x00007ffd0ee70000 - 0x00007ffd0ef9b000 	C:\WINDOWS\System32\gdi32full.dll
0x00007ffd0efd0000 - 0x00007ffd0f073000 	C:\WINDOWS\System32\msvcp_win.dll
0x00007ffd100d0000 - 0x00007ffd10102000 	C:\WINDOWS\System32\IMM32.DLL
0x00007ffcdc520000 - 0x00007ffcdc52c000 	C:\Users\ASUS\.jdks\ms-21.0.9\bin\vcruntime140_1.dll
0x00007ffcb9b50000 - 0x00007ffcb9bd9000 	C:\Users\ASUS\.jdks\ms-21.0.9\bin\msvcp140.dll
0x00007ffc26f40000 - 0x00007ffc27ced000 	C:\Users\ASUS\.jdks\ms-21.0.9\bin\server\jvm.dll
0x00007ffd106e0000 - 0x00007ffd10796000 	C:\WINDOWS\System32\ADVAPI32.dll
0x00007ffd0f290000 - 0x00007ffd0f33a000 	C:\WINDOWS\System32\sechost.dll
0x00007ffd0f7e0000 - 0x00007ffd0f8f8000 	C:\WINDOWS\System32\RPCRT4.dll
0x00007ffd0f750000 - 0x00007ffd0f7d0000 	C:\WINDOWS\System32\WS2_32.dll
0x00007ffd0e570000 - 0x00007ffd0e5ce000 	C:\WINDOWS\SYSTEM32\POWRPROF.dll
0x00007ffd07800000 - 0x00007ffd0780b000 	C:\WINDOWS\SYSTEM32\VERSION.dll
0x00007ffd06690000 - 0x00007ffd066c6000 	C:\WINDOWS\SYSTEM32\WINMM.dll
0x00007ffd0e550000 - 0x00007ffd0e564000 	C:\WINDOWS\SYSTEM32\UMPDC.dll
0x00007ffd0d480000 - 0x00007ffd0d49b000 	C:\WINDOWS\SYSTEM32\kernel.appcore.dll
0x00007ffcdc4f0000 - 0x00007ffcdc4fa000 	C:\Users\ASUS\.jdks\ms-21.0.9\bin\jimage.dll
0x00007ffd05860000 - 0x00007ffd05aa2000 	C:\WINDOWS\SYSTEM32\DBGHELP.DLL
0x00007ffd0f370000 - 0x00007ffd0f6f3000 	C:\WINDOWS\System32\combase.dll
0x00007ffd10a40000 - 0x00007ffd10b19000 	C:\WINDOWS\System32\OLEAUT32.dll
0x00007ffceb8a0000 - 0x00007ffceb8db000 	C:\WINDOWS\SYSTEM32\dbgcore.DLL
0x00007ffd0ec40000 - 0x00007ffd0ece8000 	C:\WINDOWS\System32\bcryptPrimitives.dll
0x00007ffcdc060000 - 0x00007ffcdc070000 	C:\Users\ASUS\.jdks\ms-21.0.9\bin\instrument.dll
0x00007ffccb6d0000 - 0x00007ffccb6f1000 	C:\Users\ASUS\.jdks\ms-21.0.9\bin\java.dll
0x00007ffd10c20000 - 0x00007ffd113a4000 	C:\WINDOWS\System32\SHELL32.dll
0x00007ffd0c290000 - 0x00007ffd0cb10000 	C:\WINDOWS\SYSTEM32\windows.storage.dll
0x00007ffd0ffd0000 - 0x00007ffd100c6000 	C:\WINDOWS\System32\SHCORE.dll
0x00007ffd102c0000 - 0x00007ffd10327000 	C:\WINDOWS\System32\shlwapi.dll
0x00007ffd0e610000 - 0x00007ffd0e639000 	C:\WINDOWS\SYSTEM32\profapi.dll
0x00007ffcbc3e0000 - 0x00007ffcbc4b6000 	C:\Users\ASUS\.jdks\ms-21.0.9\bin\jsvml.dll
0x00007ffcdc5e0000 - 0x00007ffcdc5f8000 	C:\Users\ASUS\.jdks\ms-21.0.9\bin\zip.dll
0x00007ffccb6b0000 - 0x00007ffccb6c1000 	C:\Users\ASUS\.jdks\ms-21.0.9\bin\net.dll
0x00007ffd08d40000 - 0x00007ffd08e69000 	C:\WINDOWS\SYSTEM32\WINHTTP.dll
0x00007ffd0d9f0000 - 0x00007ffd0da5c000 	C:\WINDOWS\system32\mswsock.dll
0x00007ffccb190000 - 0x00007ffccb1a6000 	C:\Users\ASUS\.jdks\ms-21.0.9\bin\nio.dll
0x00007ffcda700000 - 0x00007ffcda710000 	C:\Users\ASUS\.jdks\ms-21.0.9\bin\verify.dll
0x00007ffcdc600000 - 0x00007ffcdc627000 	C:\Users\ASUS\.gradle\native\660c5614fbf4a5f2a75b1949f50a0caf5cd603558e7d8a26e50b933a0cfb79d1\windows-amd64\native-platform.dll
0x00007ffc9fc50000 - 0x00007ffc9fcc7000 	C:\Users\ASUS\.gradle\native\0.2.8\x86_64-windows-gnu\gradle-fileevents.dll
0x00007ffcd9cf0000 - 0x00007ffcd9cfa000 	C:\Users\ASUS\.jdks\ms-21.0.9\bin\management.dll
0x00007ffcd96b0000 - 0x00007ffcd96bc000 	C:\Users\ASUS\.jdks\ms-21.0.9\bin\management_ext.dll
0x00007ffd0ffb0000 - 0x00007ffd0ffb8000 	C:\WINDOWS\System32\PSAPI.DLL
0x00007ffd0ce50000 - 0x00007ffd0ce83000 	C:\WINDOWS\SYSTEM32\IPHLPAPI.DLL
0x00007ffd0ffc0000 - 0x00007ffd0ffca000 	C:\WINDOWS\System32\NSI.dll
0x00007ffcd5990000 - 0x00007ffcd5999000 	C:\Users\ASUS\.jdks\ms-21.0.9\bin\extnet.dll
0x00007ffd0dcd0000 - 0x00007ffd0dceb000 	C:\WINDOWS\SYSTEM32\CRYPTSP.dll
0x00007ffd0d3e0000 - 0x00007ffd0d419000 	C:\WINDOWS\system32\rsaenh.dll
0x00007ffd0daa0000 - 0x00007ffd0dad3000 	C:\WINDOWS\SYSTEM32\USERENV.dll
0x00007ffd0e5e0000 - 0x00007ffd0e60a000 	C:\WINDOWS\SYSTEM32\bcrypt.dll
0x00007ffd0dcf0000 - 0x00007ffd0dcfc000 	C:\WINDOWS\SYSTEM32\CRYPTBASE.dll
0x00007ffccd480000 - 0x00007ffccd48e000 	C:\Users\ASUS\.jdks\ms-21.0.9\bin\sunmscapi.dll
0x00007ffd0ecf0000 - 0x00007ffd0ee68000 	C:\WINDOWS\System32\CRYPT32.dll
0x00007ffd0def0000 - 0x00007ffd0df20000 	C:\WINDOWS\SYSTEM32\ncrypt.dll
0x00007ffd0dea0000 - 0x00007ffd0dedf000 	C:\WINDOWS\SYSTEM32\NTASN1.dll
0x00007ffcdce40000 - 0x00007ffcdce48000 	C:\WINDOWS\system32\wshunix.dll
0x00007ffce9060000 - 0x00007ffce9067000 	C:\Users\ASUS\.jdks\ms-21.0.9\bin\rmi.dll
0x00007ffc683d0000 - 0x00007ffc68562000 	C:\Users\ASUS\.jdks\ms-21.0.9\bin\awt.dll
0x00007ffd0b6b0000 - 0x00007ffd0b750000 	C:\WINDOWS\SYSTEM32\apphelp.dll
0x00007ffd0b8d0000 - 0x00007ffd0b97a000 	C:\WINDOWS\system32\uxtheme.dll
0x00007ffd10580000 - 0x00007ffd106dd000 	C:\WINDOWS\System32\MSCTF.dll
0x00007ffd0fd90000 - 0x00007ffd0ff28000 	C:\WINDOWS\System32\ole32.dll

JVMTI agents:
C:\Users\ASUS\.gradle\wrapper\dists\gradle-9.3.1-bin\23ovyewtku6u96viwx3xl3oks\gradle-9.3.1\lib\agents\gradle-instrumentation-agent-9.3.1.jar path:C:\Users\ASUS\.jdks\ms-21.0.9\bin\instrument.dll, loaded, initialized, instrumentlib options:none

dbghelp: loaded successfully - version: 4.0.5 - missing functions: none
symbol engine: initialized successfully - sym options: 0x614 - pdb path: .;C:\Users\ASUS\.jdks\ms-21.0.9\bin;C:\WINDOWS\SYSTEM32;C:\WINDOWS\WinSxS\amd64_microsoft.windows.common-controls_6595b64144ccf1df_6.0.26100.8521_none_3e08b75ce33403b3;C:\Users\ASUS\.jdks\ms-21.0.9\bin\server;C:\Users\ASUS\.gradle\native\660c5614fbf4a5f2a75b1949f50a0caf5cd603558e7d8a26e50b933a0cfb79d1\windows-amd64;C:\Users\ASUS\.gradle\native\0.2.8\x86_64-windows-gnu

VM Arguments:
jvm_args: --add-opens=java.base/java.lang=ALL-UNNAMED --add-opens=java.base/java.lang.invoke=ALL-UNNAMED --add-opens=java.base/java.util=ALL-UNNAMED --add-opens=java.prefs/java.util.prefs=ALL-UNNAMED --add-exports=jdk.compiler/com.sun.tools.javac.api=ALL-UNNAMED --add-exports=jdk.compiler/com.sun.tools.javac.util=ALL-UNNAMED --add-opens=java.base/java.util=ALL-UNNAMED --add-opens=java.prefs/java.util.prefs=ALL-UNNAMED --add-opens=java.base/java.nio.charset=ALL-UNNAMED --add-opens=java.base/java.net=ALL-UNNAMED --add-opens=java.base/java.util.concurrent=ALL-UNNAMED --add-opens=java.base/java.util.concurrent.atomic=ALL-UNNAMED --add-opens=java.xml/javax.xml.namespace=ALL-UNNAMED --add-opens=java.base/java.time=ALL-UNNAMED -Xmx2048m -Dfile.encoding=UTF-8 -Duser.country=US -Duser.language=en -Duser.variant -javaagent:C:\Users\ASUS\.gradle\wrapper\dists\gradle-9.3.1-bin\23ovyewtku6u96viwx3xl3oks\gradle-9.3.1\lib\agents\gradle-instrumentation-agent-9.3.1.jar 
java_command: org.gradle.launcher.daemon.bootstrap.GradleDaemon 9.3.1
java_class_path (initial): C:\Users\ASUS\.gradle\wrapper\dists\gradle-9.3.1-bin\23ovyewtku6u96viwx3xl3oks\gradle-9.3.1\lib\gradle-daemon-main-9.3.1.jar
Launcher Type: SUN_STANDARD

[Global flags]
     intx CICompilerCount                          = 4                                         {product} {ergonomic}
     uint ConcGCThreads                            = 3                                         {product} {ergonomic}
     uint G1ConcRefinementThreads                  = 10                                        {product} {ergonomic}
   size_t G1HeapRegionSize                         = 1048576                                   {product} {ergonomic}
    uintx GCDrainStackTargetSize                   = 64                                        {product} {ergonomic}
   size_t InitialHeapSize                          = 123731968                                 {product} {ergonomic}
   size_t MarkStackSize                            = 4194304                                   {product} {ergonomic}
   size_t MaxHeapSize                              = 2147483648                                {product} {command line}
   size_t MaxNewSize                               = 1287651328                                {product} {ergonomic}
   size_t MinHeapDeltaBytes                        = 1048576                                   {product} {ergonomic}
   size_t MinHeapSize                              = 8388608                                   {product} {ergonomic}
    uintx NonNMethodCodeHeapSize                   = 5839372                                {pd product} {ergonomic}
    uintx NonProfiledCodeHeapSize                  = 122909434                              {pd product} {ergonomic}
    uintx ProfiledCodeHeapSize                     = 122909434                              {pd product} {ergonomic}
    uintx ReservedCodeCacheSize                    = 251658240                              {pd product} {ergonomic}
     bool SegmentedCodeCache                       = true                                      {product} {ergonomic}
   size_t SoftMaxHeapSize                          = 2147483648                             {manageable} {ergonomic}
     bool UseCompressedOops                        = true                           {product lp64_product} {ergonomic}
     bool UseG1GC                                  = true                                      {product} {ergonomic}
     bool UseLargePagesIndividualAllocation        = false                                  {pd product} {ergonomic}

Logging:
Log output configuration:
 #0: stdout all=warning uptime,level,tags foldmultilines=false
 #1: stderr all=off uptime,level,tags foldmultilines=false

Release file:
IMPLEMENTOR="Microsoft" 
IMPLEMENTOR_VERSION="Microsoft-12574459" 
JAVA_RUNTIME_VERSION="21.0.9+10-LTS" 
JAVA_VERSION="21.0.9" 
JAVA_VERSION_DATE="2025-10-21" 
LIBC="default" 
MODULES="java.base java.compiler java.datatransfer java.xml java.prefs java.desktop java.instrument java.logging java.management java.security.sasl java.naming java.rmi java.management.rmi java.net.http java.scripting java.security.jgss java.transaction.xa java.sql java.sql.rowset java.xml.crypto java.se java.smartcardio jdk.accessibility jdk.internal.jvmstat jdk.attach jdk.charsets jdk.internal.opt jdk.zipfs jdk.compiler jdk.crypto.ec jdk.crypto.cryptoki jdk.crypto.mscapi jdk.dynalink jdk.internal.ed jdk.editpad jdk.hotspot.agent jdk.httpserver jdk.incubator.vector jdk.internal.le jdk.internal.vm.ci jdk.internal.vm.compiler jdk.internal.vm.compiler.management jdk.jartool jdk.javadoc jdk.jcmd jdk.management jdk.management.agent jdk.jconsole jdk.jdeps jdk.jdwp.agent jdk.jdi jdk.jfr jdk.jlink jdk.jpackage jdk.jshell jdk.jsobject jdk.jstatd jdk.localedata jdk.management.jfr jdk.naming.dns jdk.naming.rmi jdk.net jdk.nio.mapmode jdk.random jdk.sctp jdk.security.auth jdk.security.jgss jdk.unsupported jdk.unsupported.desktop jdk.xml.dom" 
OS_ARCH="x86_64" 
OS_NAME="Windows" 
SOURCE=".:git:e0bc49609000" 

Environment Variables:
PATH=C:\Program Files\Common Files\Oracle\Java\javapath;C:\WINDOWS\system32;C:\WINDOWS;C:\WINDOWS\System32\Wbem;C:\WINDOWS\System32\WindowsPowerShell\v1.0\;C:\WINDOWS\System32\OpenSSH\;C:\Program Files (x86)\NVIDIA Corporation\PhysX\Common;C:\Program Files\dotnet\;C:\Program Files\Git\cmd;C:\Program Files\NVIDIA Corporation\NVIDIA app\NvDLISR;C:\Program Files\nodejs\;C:\Program Files\Docker\Docker\resources\bin;C:\xampp\php;C:\ProgramData\ComposerSetup\bin;C:\Users\ASUS\AppData\Local\Programs\Python\Launcher\;C:\Users\ASUS\AppData\Local\Microsoft\WindowsApps;C:\Users\ASUS\AppData\Local\Programs\Microsoft VS Code\bin;C:\Users\ASUS\AppData\Local\Programs\Python\Python312;C:\MinGW\bin;C:\Users\ASUS\AppData\Local\GitHubDesktop\bin;C:\mingw64\bin;C:\Users\ASUS\AppData\Roaming\npm;C:\Program Files\JetBrains\IntelliJ IDEA 2025.2\bin;C:\Program Files\JetBrains\WebStorm 2025.2\bin;C:\Program Files\JetBrains\PyCharm 2025.2.0.1\bin;C:\Program Files\Java\jdk-25\bin;C:\Users\ASUS\AppData\Local\JetBrains\Toolbox\scripts;C:\Users\ASUS\AppData\Roaming\Composer\vendor\bin
USERNAME=ASUS
OS=Windows_NT
PROCESSOR_IDENTIFIER=AMD64 Family 25 Model 68 Stepping 1, AuthenticAMD
TMP=C:\Users\ASUS\AppData\Local\Temp
TEMP=C:\Users\ASUS\AppData\Local\Temp




Periodic native trim disabled

---------------  S Y S T E M  ---------------

OS:
 Windows 11 , 64 bit Build 26100 (10.0.26100.8521)
OS uptime: 0 days 1:33 hours
Hyper-V role detected

CPU: total 12 (initial active 12) (12 cores per cpu, 2 threads per core) family 25 model 68 stepping 1 microcode 0xa404107, cx8, cmov, fxsr, ht, mmx, 3dnowpref, sse, sse2, sse3, ssse3, sse4a, sse4.1, sse4.2, popcnt, lzcnt, tsc, tscinvbit, avx, avx2, aes, erms, clmul, bmi1, bmi2, adx, sha, fma, vzeroupper, clflush, clflushopt, hv, rdtscp, rdpid, fsrm, f16c, cet_ss
Processor Information for the first 12 processors :
  Max Mhz: 3301, Current Mhz: 3301, Mhz Limit: 3301

Memory: 4k page, system-wide physical 7498M (558M free)
TotalPageFile size 29966M (AvailPageFile size 131M)
current process WorkingSet (physical memory assigned to process): 954M, peak: 955M
current process commit charge ("private bytes"): 1101M, peak: 1472M

vm_info: OpenJDK 64-Bit Server VM (21.0.9+10-LTS) for windows-amd64 JRE (21.0.9+10-LTS), built on 2025-10-13T22:04:36Z by "MicrosoftCorporation" with unknown MS VC++:1944

END.
